1、2012年（   ），中国共产党第十八次全国代表大会在北京举行。,C,A、11月7日至15日,B、11月7日至14日,C、11月8日至14日,D、11月18日至15日
2、十八大新当选的政治局常委由（   ）人组成？,B,A、5,B、7,C、9,D、11
3、十七大以后的五年，我国经济平稳较快发展，综合国力大幅提升，2011年国内生产总值是（   ）,C,A、27.3 万亿,B、37.3 万亿,C、47.3 万亿,D、57.3 万亿
4、（   ）是对党的三代中央领导集体关于发展的重要思想的继承和发展，是马克思主义关于发展的世界观和方法论的集中体现。,A,A、科学发展观,B、构建社会主义和谐社会,C、发展是执政兴国的第一要务,D、三个代表重要思想
5、十七大以来，我国开放型经济达到新水平，进出口总额跃居世界第（   ）位。,B,A、一,B、二,C、三,D、四
6、全党必须更加自觉地把（   ）作为深入贯彻落实科学发展观的第一要义，牢牢扭住经济建设这个中心，坚持聚精会神搞建设、一心一意谋发展。,B,A、维护社会和谐稳定,B、推动经济社会发展,C、增强国家综合实力,D、提高人民生活水平
7、在改革开放三十多年一以贯之的接力探索中，我们坚定不移高举中国特色社会主义伟大旗帜，既不走（  ）的老路，也不走改旗易帜的邪路。,A,A、封闭僵化,B、墨守成规,C、故步自封,D、因循守旧
8、中国特色社会主义的总布局是（  ）,C,A、“一个中心，两个基本点”,B、“两个文明，两手抓”,C、经济、政治、文化、社会、生态文明建设“五位一体”,D、基本理论、基本实践、基本纲领、基本经验、基本制度“五基本”
9、十八大提出建设中国特色社会主义的八大要求，其中摆在第一位的基本要求是（   ）,B,A、坚持人民主体地位,B、发展生产力,C、改革开放,D、公平正义
10、全面建成小康社会任务十分艰巨，国家将加大对（   ）扶持力度，支持这些地区加快改革开放、增强发展能力、改善人民生活。,A,A、中西部地区,B、农村和中西部地区,C、沿海地区,D、中东部地区
11、加快建立生态文明制度，健全国土空间开发、资源节约、生态环境保护的体制机制，推动形成（   ）现代化建设新格局。,A,A、人与自然和谐发展,B、可持续发展,C、科学发展,D、社会和谐发展
12、（   ）是兴国之要，发展仍是解决我国所有问题的关键。,C,A、以社会建设为中心,B、以改革开放为中心,C、以经济建设为中心,D、以文化建设为中心
13、（   ）是提高社会生产力和综合国力的战略支撑，必须摆在国家发展全局的核心位置。,D,A、社会创新,B、文化创新,C、理论创新,D、科技创新
14、（   ）是加快转变经济发展方式的主攻方向。,C,A、推进中国特色新型工业化,B、推进政治制度改革,C、推进经济结构战略性调整,D、推进“城乡一体化”建设
15、党的十八大指出解决“三农”问题的根本途径是（   ）。,B,A、加强小城镇建设,B、城乡发展一体化,C、推进农村税费改革,D、拓宽农民就业门路
16、在中国特色社会主义政治发展道路上，（  ）是我们党始终高扬的光辉旗帜。,D,A、政治协商,B、民主监督,C、制度建设,D、人民民主
17、十八大提出政治体制改革的根本是（  ）,C,A、坚持党的领导,B、加强依法治国,C、保证人民当家作主,D、增强党和国家活力
18、十八大报告中指出，要降低（  ）在人大代表中的比例。,D,A、一线工人,B、农民,C、知识分子,D、党政领导干部
19、深化行政体制改革，要推进（   ），完善体制改革协调机制，统筹规划和协调重大改革。,C,A、事业单位分类改革,B、政治制度改革,C、大部门制改革,D、国有企业改革
20、建设社会主义文化强国的关键是（  ）,D,A、建设社会主义核心价值体系,B、满足人民精神文化需求,C、发展文化产业,D、增强全民族文化创造活力
21、增强文化整体实力和竞争力，要坚持把（  ）放在首位。,C,A、经济效益,B、政治效益,C、社会效益,D、群众效益
22、十八大报告指出，深入开展道德领域突出问题专项教育和治理，加强政务诚信、商务诚信、（   ）和司法公信建设。,B,A、社会公信,B、社会诚信,C、文化公信,D、文化诚信
23、十八大报告指出，加强社会建设是社会和谐稳定的（   ）。,D,A、根本保障,B、有力支撑,C、中坚力量,D、重要保证
24、十八大报告指出，加强社会建设必须以（  ）为重点。,B,A、经济建设,B、保障和改善民生,C、民主建设,D、法律健全
25、加强和创新社会管理，要改进政府提供（  ）方式。,A,A、公共服务,B、社会服务,C、公共管理,D、社会管理
26、十八大在生态文明建设方面提出的新目标、新概念是（   ）,A,A、建设美丽中国,B、实现中华民族永续发展,C、尊重自然,D、顺应自然和保护自然
27、保护生态环境的根本之策是（   ）,A,A、节约资源,B、提高资源利用效率,C、限制开发,D、降低消耗
28、在发展与安全的问题上，十八大指出，我国统筹经济建设和国防建设的基本导向是（   ）,A,A、国家核心安全,B、我国的国际地位,C、发展利益,D、国家安全
29、中国奉行（  ）的国防政策，加强国防建设的目的是维护国家主权、安全、领土完整，保障国家和平发展。,C,A、攻击性,B、保守性,C、防御性,D、扩张性
30、我们要始终坚持一个中国原则。两岸双方应恪守反对“台独”，坚持（   ）的共同立场，增进维护一个中国框架的共同认知，在此基础上求同存异。,D,A、一国两制,B、祖国统一,C、一个中国,D、九二共识
31、全面提高党的建设科学化水平，全党必须牢记，只有（  ），党才能始终立于不败之地；只有居安思危、勇于进取，党才能始终走在时代前列。,B,A、改善党的形象,B、植根人民、造福人民,C、保持党同人民群众的血肉联系,D、为人民谋福利
32、十八大报告指出，要积极发展（   ），增强党的创造活力。,C,A、人民民主,B、党内集中,C、党内民主,D、民主集中
33、为人民服务是党的根本宗旨，（  ）是检验党一切执政活动的最高标准。,C,A、科学发展,B、科学发展、以人为本,C、以人为本、执政为民,D、和谐发展、民生为主
34、十八大报告提出，完善党的代表大会制度，提高工人、农民代表比例，实行党代会代表（   ）。,B,A、表决制,B、提案制,C、推优制,D、负责制
35、（  ）是党一贯坚持的鲜明政治立场，是人民关注的重大政治问题。这个问题解决不好，就会对党造成致命伤害，甚至亡党亡国。,B,A、建设清廉服务型政党,B、反对腐败、建设廉洁政治,C、严厉打击贪污受贿,D、反对贪污、抵制腐败
36、十八大报告强调，各级领导干部特别是高级干部必须自觉遵守廉政准则，严格执行领导干部（   ）报告制度。,D,A、个人财产,B、重要情况,C、出国出境,D、重大事项
37、党的（  ）是党的力量所在，是实现经济社会发展、民族团结进步、国家长治久安的根本保证。,C,A、党内民主,B、先进性,C、集中统一,D、创先争优
38、党的十八大报告再次提出:积极推进党内民主建设，要推行地方党委讨论决定重大问题和任用重要干部（  ）。,B,A、责任制,B、票决制,C、问责制,D、追究制
39、新党章中规定，党的基层委员会每届任期（  ）。,A,A、三年或五年,B三年或四年,C、二年或四年,D、二年或三年
40、预备党员的预备期从（   ）算起。,D,A、填写入党志愿书,B、发展为积极分子,C、成为拟发展对象,D、支部大会通过他为预备党员
41、实现和平统一首先要确保两岸关系（   ）。,B,A、相互交流,B、和平发展,C、相互信任,D、和平共处
42、深入开展（  ）活动，已成为新形势下加强党的基层组织建设和党员队伍建设的一项经常性工作，是新形势下加强党的先进性和纯洁性建设的有力抓手。,D,A、基层组织建设年,B、先进性教育,C、党风廉政教育,D、创先争优
43、党重视教育、培训、选拔、考核和（   ）干部，特别是培养、选拔优秀年轻干部。积极推行干部制度改革。,A,A、监督,B、约束,C、调整,D、交流
44、党的十八大提出：健全（   ）制度，更加科学有效地防治腐败。,C,A、反贪污法律,B、反受贿法律,C、反腐败法律,D、反行贿法律
45、预备党员需要继续考察和教育的可以延长预备期但不能超过（  ）。,B,A、6个月,B、一年,C、两年,D、三年
46、党的县(旗)、自治县、不设区的市和市辖区的委员会的委员和候补委员必须有（   ）年以上的党龄。,C,A、三年,B、四年,C、五年,D、八年
47、党的地方各级委员会全体会议每年至少召开（   ）次。,B,A、一,B、二,C、三,D、四
48、国有企业和集体企业中党的基层组织，发挥（   ）作用，围绕企业生产经营开展工作。,B,A、领导核心,B、政治核心,C、管理核心,D、组织核心
49、非公有制经济组织中党的基层组织，贯彻党的方针政策，（   ）企业遵守国家的法律法规，领导工会、共青团等群众组织，团结凝聚职工群众，维护各方的合法权益，促进企业健康发展。,D,A、支持和监督,B、领导和监督,C、服务和引导,D、引导和监督
50、中央书记处最终由哪个机构通过（  ）。,D,A、党的全国代表大会,B、中央政治局全体会议,C、中央政治局常务委员会,D、中央委员会全体会议
1中国梦就是( ),C,A.全面建成小康社会,B.建成富强民主文明和谐的社会主义现代化国家,C.实现中华民族伟大复兴,D.实现共产主义
2・中国梦的基本内涵是( ),A,A.国家富强、民族振兴、人民幸福,B.理论自信、道路自信、制度自信,C.学有所教、劳有所得、病有所医,D.祖国统一、科技发达、社会和谐
3・中国梦的实现路径不包括( ),D,A.实现中国梦必须走中国道路,B.实现中国梦必须弘扬中国精,C.实现中国梦必须凝聚中国力量,D.实现中国梦必须推进依法治国
"4, ""实现中国梦必须走中国道路。”这里的“中国道路""就是指(",C,A.和平发展道路,B.韬光养晦道路,C.中国特色社会主义道路,D.共产主义道路
"5. ""实现中国梦必须弘扬中国精神。”这里的“中国精神""是指( )",A,"A.以爱国主义为核心的民族精神,以改革创新为核心的时代精神","B.艰苦奋斗的创业精神,自力更生的自强精神","C.追求卓越的进取精神,勇攀高峰的奋斗精神","D.无私忘我的奉献精神,乐观豁达的包容精神"
"6, ""实现中国梦必须凝聚中国力量。""这里的""中国力量""是指( )",D,A.武装力量,B.经济力量,C.文化软实力,D.中国各民族大团结的力量
7・中国梦的本质属性是( ),C,"A.是虚无的梦,不可实现的想象而已","B.是自由的梦,人人可以实现自己的任何愿望","C.是人民的梦,必须紧紧依靠人民来实现","D.是发展的梦,将随着时间变化而变化"
"8制约我们实现中国梦的因素有( )
①国际竞争日益激烈,我国在经济、科技上与发达国家差距较大②面临着严峻的资源、人口、环境等问题
③不公正不合理的国际政治经济旧秩序没有根本改变,影响和平与发展的不确定因素增加
④我国周边的安全形势比较严峻",A,A .①②③④,B .①②③,C . ②③④,D. ①③④
"9,改革开放以来,我国已实现了()
①回归梦②入世梦③飞天梦④奥运梦⑤世博梦⑥诺贝尔奖梦
答:①②③④",D,B .②③④,C .①③④,D .①②③④⑤6
1. (单选题)下列关于“四个全面”战略布局的说法不正确的是( )。,A,A.党的十七大最早提出全面建设惠及十几亿人的更高水平的小康社会,B. 党的十八大提出全面建成小康社会和全面改革开放的目标,C. 党的十八届四中全会提出全面推进依法治国,D. 党的群众路线教育实践活动总结大会宜示全面从严治党
"2. (单选题)协调推进“四个全面”战略布局,是党的十八大以来党中央从实现“两个一百年”奋斗目标、实现中华民族伟大复兴的中国梦的战略高度,统敌国内国际两个大局,把握我国发展新征确定的治国理政新方略。在“四个全面”战略布局中居于引领地位的是()",D,A.全面从严治党,B.全面深化改革,C.全面依法治国,D.全面建成小康社会
"4, (单选题)党中央“四个全面战略布局的提出,第一次将()论述为全面深化改革的“姊妹篇”,形成“鸟之两翼、车之两轮”",B,A.全面建成小康社会,B.全面依法治国,C.全面从严治党,D.对外开放
"5, (单选题) ( )战略布局,确立了新的历史条件下,党和国家各项工作的战略目标和战略举措,是我们党在新形势下治国理政的总方略。",A,A. “四个全面”,B. “五大发展理念”,C．“三严三实”,D.“两学一做”
"6, (单选题)习近平总书记在江苏调研时,首次并提出“四个全面”.
全面吹响了治国理政的“集结号”,不仅让人回味无穷,而且令人热血沸腾, ""四个全面”是指( )。",A,A.全面建成小康社会、全面深化改革、全面推进依法治国、全面从严治党,B.全面实现中国梦、全面深化改革、全面推进依法治国、全面从严治党,C.全面建成小康社会、全面改革开放、全面推进依法治国、全面从严治党,D.全面建成小康社会、全面深化改革、全面推进依法治国、全面反腐倡廉
"7, (单选题)党的十八大以来,党中央提出并形成了全面建成小康社会、全面深化改革、全面依法治国、全面从严治党的目标任务。其中,十八届四中全会提出全面推进( )的总目标和重大任务。",A,A.全面依法治国,B.全面深化改革,C.全面建成小康社会,D.全面从严治党参考
"8. (单选题)实现“两个一百年”奋斗目标,走向中华民族伟大复兴中国梦的“路线图""是( )。",A,A. “四个全面”战略,B. “五位一体”布局,C.一带一路,D．中国梦
9. (单选题)全面建成小康社会是在什么时候提出的( ),B,A.十七大,B.十八大,C.十八届三中全会,D.十八届四中全会
"10, (单选题)全面深化改革是在什么时候提出的( )",C,A.十七大,B.十八大,C.十八届三中全会,D.十八届四中全会
"11, (单选题)全面推进依法治国是在什么时候提出的(",D,A.十七大,B.十八大,C.十八届三中全会,D.十八届四中全会
"12, (单选题)全面深化改革的总目标是( )",A,"A.完善和发展中国特色社会主义制度,推进国家治理体系和治理能力现代化","B.积极创造社会财富,提高人民物质生活水平","C.提高综合国力,增强国际竞争力","D.加大改革开放的深度和广度,推进社会全面进步参考"
"13, (单选题)全面推进依法治国的总目标是( )",A,"A.建设中国特色社会主义法治体系,建设社会主义法治国家","B.建设中国特色社会主义法治体系,建设社会主义法制国家","C.建设中国特色社会主义法制体系,建设社会主义法制国家","D.建设中国特色社会主义法制体系,建设社会主义法治国家参考"
"14, (单选题)全面从严治党是在什么时候提出的(",A,A.习近平总书记在2014年10月8日党的群众路线教育实践活动总结大会的讲话中提出,B.十八大,C.十八届三中全会,D.十八届四中全会
"15, (单选题) “四个全面”的本质是( )",B,A.实现中华民族的伟大复兴,B.战略布局,C.实现中国梦,D.全面建成小康社会
"16, (单选题)实现中华民族伟大复兴中国梦的关键一步是( )",D,A.全面深化改革,B.全面从严治党,C.全面依法治国,D.全面建成小康社会
"17, (单选题)全面深化改革的抓手、定海神针和助推器是(",C,A.全面建成小康社会,B.全面从严治党,C.全面依法治国,D.坚持党的领导
2.开展“两学一做”教育，是面向全体党员深化党内教育的重要实践，是推动党内教育从“     ”向广大党员拓展、从集中性教育向经常性教育延伸的重要举措。,B,A所有党员,B关键少数,C领导阶层,D骨干人员
01 中国共产党第十九次全国代表大会，是在全面建成小康社会决胜阶段、中国特色社会主义进入_____的关键时期召开的一次十分重要的大会。,D,A.新时期,B.新阶段,C.新征程,D.新时代
02 十九大的主题是：不忘初心，____，高举中国特色社会主义伟大旗帜，决胜全面建成小康社会，夺取新时代中国特色社会主义伟大胜利，为实现中华民族伟大复兴的中国梦不懈奋斗。,B,A.继续前进,B.牢记使命,C.方得始终,D.砥砺前行
03 中国共产党人的初心和使命，就是为中国人民____ ，为中华民族____。这个初心和使命是激励中国共产党人不断前进的根本动力。,C,A.谋幸福，谋未来,B.谋生活，谋复兴,C.谋幸福，谋复兴,D.谋生活，谋未来
04 五年来，我们统筹推进“____”总体布局、协调推进“____”战略布局，“十二五”规划胜利完成，“十三五”规划顺利实施，党和国家事业全面开创新局面。,A,A.五位一体　四个全面,B.四位一体　五个全面,C.五个全面　四位一体,D.四个全面　五位一体
05 过去五年，经济保持中高速增长，在世界主要国家中名列前茅，国内生产总值从五十四万亿元增长到____万亿元，稳居世界第二，对世界经济增长贡献率超过百分之三十。,C,A.六十,B.七十,C.八十,D.九十
06 脱贫攻坚战取得决定性进展，____贫困人口稳定脱贫，贫困发生率从百分之十点二下降到百分之四以下。,A,A.六千多万,B.七千多万,C.八千多万,D.九千多万
07 实施共建“一带一路”倡议，发起创办亚洲基础设施投资银行，设立丝路基金，举办首届“一带一路”国际合作高峰论坛、亚太经合组织领导人非正式会议、二十国集团领导人____峰会、金砖国家领导人____会晤、亚信峰会。,B,A.北京　南京,B.杭州　厦门,C.南京　北京,D.厦门　杭州
08 坚持反腐败无禁区、全覆盖、零容忍，坚定不移“打虎”、“拍蝇”、“猎狐”，____的目标初步实现，____的笼子越扎越牢，____的堤坝正在构筑，反腐败斗争压倒性态势已经形成并巩固发展。,A,A.不敢腐　不能腐　不想腐,B.不能腐　不敢腐　不想腐,C.不想腐　不敢腐　不能腐,D.不敢腐　不想腐　不能腐
09 经过长期努力，中国特色社会主义进入了新时代，这是我国发展新的____。,D,A.未来方向,B.未来方位,C.历史方向,D.历史方位
10 中国特色社会主义进入新时代，我国社会主要矛盾已经转化为人民日益增长的____需要和____的发展之间的矛盾。,D,A.美好生活　不充分不平衡,B.幸福生活　不平衡不充分,C.幸福生活　不充分不平衡,D.美好生活　不平衡不充分
11 必须认识到，我国社会主要矛盾的变化，没有改变我们对我国社会主义所处历史阶段的判断，我国仍处于并将长期处于____的基本国情没有变，我国是世界最大发展中国家的国际地位没有变。,B,A.社会主义阶段,B.社会主义初级阶段,C.社会主义中级阶段,D.社会主义高级阶段
12 _____是实现社会主义现代化、创造人民美好生活的必由之路。,A,A.中国特色社会主义道路,B.中国特色社会主义理论体系,C.中国特色社会主义制度,D.中国特色社会主义文化
13 _____是指导党和人民实现中华民族伟大复兴的正确理论。,B,A.中国特色社会主义道路,B.中国特色社会主义理论体系,C.中国特色社会主义制度,D.中国特色社会主义文化
14 _____是当代中国发展进步的根本制度保障。,C,A.中国特色社会主义道路,B.中国特色社会主义理论体系,C.中国特色社会主义制度,D.中国特色社会主义文化
15 _____中国特色社会主义文化是激励全党全国各族人民奋勇前进的强大精神力量。,D,A.中国特色社会主义道路,B.中国特色社会主义理论体系,C.中国特色社会主义制度,D.中国特色社会主义文化
16 新时代中国特色社会主义思想，明确坚持和发展中国特色社会主义，总任务是实现社会主义现代化和中华民族伟大复兴，在全面建成小康社会的基础上，分____在本世纪中叶建成富强民主文明和谐美丽的社会主义现代化强国。,A,A.两步走,B.三步走,C.四步走,D.五步走
17 新时代中国特色社会主义思想，明确中国特色社会主义最本质的特征是____。,D,A.“五位一体”总体布局,B.建设中国特色社会主义法治体系,C.人民利益为根本出发点,D.中国共产党领导
18 发展是解决我国一切问题的基础和关键，发展必须是科学发展，必须坚定不移贯彻____的发展理念。,A,A.创新、协调、绿色、开放、共享,B.创造、协调、生态、开放、共享,C.创新、统筹、绿色、开放、共享,D.创造、统筹、生态、开放、共享
19 ____是中国特色社会主义的本质要求和重要保障。,A,A.全面依法治国,B.全面从严治党,C.全面发展经济,D.全面可持续发展
20 ____是一个国家、一个民族发展中更基本、更深沉、更持久的力量。,D,A.道路自信,B.理论自信,C.制度自信,D.文化自信
21 必须统筹国内国际两个大局，始终不渝走和平发展道路、奉行____的开放战略。,A,A.互利共赢,B.互相合作,C.包容互信,D.开放共赢
22 从现在到二二年，是全面建成小康社会______。,B,A. 决战期,B. 决胜期,C. 关键期,D. 攻坚期
23 从____到____，是“两个一百年”奋斗目标的历史交汇期。,B,A.二二年　二三五年,B.十九大　二十大,C.二十大　二十一大,D.二三五年　本世纪中叶
24 综合分析国际国内形势和我国发展条件，从二二年到本世纪中叶可以分两个阶段来安排。第一个阶段，从______到______，在全面建成小康社会的基础上，再奋斗十五年，基本实现社会主义现代化。,A,A.二二年　二三五年,B.二二五年　二四年,C.二三年　二四五年,D.二三五年　本世纪中叶
25 综合分析国际国内形势和我国发展条件，从二二年到本世纪中叶可以分两个阶段来安排。第二个阶段，从_____到_____，在基本实现现代化的基础上，再奋斗十五年，把我国建成富强民主文明和谐美丽的社会主义现代化强国。,D,A.二二年　二三五年,B.二三五年　二五年,C.二三年　二四五年,D.二三五年　本世纪中叶
26 从全面建成小康社会到基本实现现代化，再到全面建成____，是新时代中国特色社会主义发展的战略安排。,B,A.创新型国家,B.社会主义现代化强国,C.社会主义现代化大国,D.世界一流强国
27 实现“两个一百年”奋斗目标、实现中华民族伟大复兴的中国梦，不断提高人民生活水平，必须坚定不移把_____作为党执政兴国的第一要务。,C,A.创新,B.改革,C.发展,D.开放
28 我国经济已由______阶段转向______阶段，正处在转变发展方式、优化经济结构、转换增长动力的攻关期，建设现代化经济体系是跨越关口的迫切要求和我国发展的战略目标。,C,A.高速增长　高水平发展,B.高速发展　高水平发展,C.高速增长　高质量发展,D.高速发展　高质量发展
29 贯彻新发展理念，建设现代化经济体系，必须坚持质量第一、效益优先，以_______为主线。,C,A.转变发展方式,B.优化经济结构,C.供给侧结构性改革,D.转换增长动力
30 建设现代化经济体系，必须把发展经济的着力点放在______上，把提高供给体系质量作为主攻方向，显著增强我国经济质量优势。,A,A.实体经济,B.共享经济,C.虚拟经济,D.国民经济
31 ______是引领发展的第一动力，是建设现代化经济体系的战略支撑。,B,A.改革,B.创新,C.开放,D.科技
32保持土地承包关系稳定并长久不变，第二轮土地承包到期后再延长_____年。,B,A.二十,B.三十,C.四十,D.五十
33 确保到______我国现行标准下农村贫困人口实现脱贫，贫困县全部摘帽，解决区域性整体贫困，做到脱真贫、真脱贫。,B,A.二三年,B.二二年,C.二二五年,D.二三五年
34 加快完善社会主义市场经济体制。经济体制改革必须以________和________为重点，实现产权有效激励、要素自由流动、价格反应灵活、竞争公平有序、企业优胜劣汰。,A,A.完善产权制度　要素市场化配置,B.要素市场化配置　建立现代财政制度,C.建立现代财政制度　创新和完善宏观调控,D.完善产权制度　创新和完善宏观调控
35 推动形成全面开放新格局。要以_____建设为重点，坚持引进来和走出去并重，遵循共商共建共享原则，加强创新能力开放合作，形成陆海内外联动、东西双向互济的开放格局。,C,A.“金砖机制”,B.自贸区,C.“一带一路”,D.区域合作
36 赋予自由贸易试验区更大改革自主权，探索建设______。,C,A.自由贸易城,B.自由贸易区,C.自由贸易港,D.自由贸易市
37 坚持党的领导、人民当家作主、依法治国有机统一。_______是社会主义民主政治的本质特征。,B,A.党的领导,B.人民当家作主,C.依法治国,D.政治体制改革
38 加强人民当家作主制度保障。______是坚持党的领导、人民当家作主、依法治国有机统一的根本政治制度安排。,A,A.人民代表大会制度,B.多党合作和政治协商制度,C.民族区域自治制度,D.基层群众自治制度
39 发挥社会主义协商民主重要作用。______是具有中国特色的制度安排，是社会主义协商民主的重要渠道和专门协商机构。,D,A.政党协商,B.人大协商,C.基层协商,D.人民政协
40 深化依法治国实践。成立中央全面______领导小组，加强对法治中国建设的统一领导。,B,A.深化改革,B.依法治国,C.从严治党,D.司法改革
41 深化机构和行政体制改革。转变政府职能，深化简政放权，创新监管方式，增强政府公信力和执行力，建设人民满意的______政府。,D,A.法治,B.创新型,C.廉洁,D.服务型
42 全党必须牢记，______的问题，是检验一个政党、一个政权性质的试金石。,A,A.为什么人,B.执政宗旨,C.建党宗旨,D.权力来源
43 建设______是中华民族伟大复兴的基础工程。,C,A.经济强国,B.政治强国,C.教育强国,D.文化强国
44 国家安全是安邦定国的重要基石，______是全国各族人民根本利益所在。,D,A.加快经济发展,B.维护国家统一,C.促进国际合作,D.维护国家安全
45 我们要建设的现代化是人与自然_____的现代化。,C,A.和谐相处,B.和睦相处,C.和谐共生,D.和睦共生
46 加快建立绿色生产和消费的法律制度和政策导向，建立健全____的经济体系。,A,A.绿色低碳循环发展,B.绿色节约循环发展,C.绿色低碳节约发展,D.节约低碳循环发展
47 加强对生态文明建设的总体设计和组织领导，设立________机构。,B,A.国有自然资源资产管理和自然环境监管,B.国有自然资源资产管理和自然生态监管,C.国有自然资源资产监管和自然生态管理,D.国有自然环境资产监管和自然生态管理
48 我们要牢固树立社会主义生态文明观，推动形成______现代化建设新格局，为保护生态环境作出我们这代人的努力！,C,A.人与自然和谐共生,B.人与环境和谐发展,C.人与自然和谐发展,D.人与环境和谐共生
49 适应世界新军事革命发展趋势和国家安全需求，提高建设质量和效益，确保到二二年基本实现____，____建设取得重大进展，____有大的提升。,C,A.现代化　信息化　战斗能力,B.机械化　信息化　战斗能力,C.机械化　信息化　战略能力,D.现代化　信息化　战略能力
50 力争到二三五年____国防和军队现代化，到本世纪中叶把人民军队____世界一流军队。,D,A.全面实现　基本建成,B.全面实现　全面建成,C.基本实现　基本建成,D.基本实现　全面建成
51 树立____是核心战斗力的思想，推进重大技术创新、自主创新，加强军事人才培养体系建设，建设创新型人民军队。,B,A.创新,B.科技,C.人才,D.技术
52 军队是要准备打仗的，一切工作都必须坚持____标准，向能打仗、打胜仗聚焦。,A,A.战斗力,B.斗争力,C.战争力,D.硬实力
53 解决台湾问题、实现祖国完全统一，是全体中华儿女____，是中华民族____所在。,D,A.一致愿望　根本利益,B.共同愿望　本质利益,C.一致愿望　本质利益,D.共同愿望　根本利益
54 ______是两岸关系的政治基础。,C,A.“九二共识”,B.反对“台独”,C.一个中国原则,D.和平统一
55 我们呼吁，各国人民同心协力，构建人类命运共同体，建设______的世界。,C,A.持久和平、普遍安全、共同繁荣、开放包容、公平正义,B.持久和平、普遍安全、共同繁荣、公平正义、清洁美丽,C.持久和平、普遍安全、共同繁荣、开放包容、清洁美丽,D.持久和平、普遍安全、公平正义、开放包容、清洁美丽
56 深刻认识党面临的________的尖锐性和严峻性，坚持问题导向，保持战略定力，推动全面从严治党向纵深发展。,A,A.精神懈怠危险、能力不足危险、脱离群众危险、消极腐败危险,B.精神懈怠危险、封闭僵化危险、脱离群众危险、消极腐败危险,C.精神懈怠危险、能力不足危险、官僚主义危险、消极腐败危险,D.精神懈怠危险、能力不足危险、脱离群众危险、腐化堕落危险
57 党的____是党的根本性建设，决定党的建设方向和效果。,B,A.思想建设,B.政治建设,C.组织建设,D.制度建设
58 要尊崇党章，严格执行新形势下党内政治生活若干准则，增强党内政治生活的____。,A,A.政治性、时代性、原则性、战斗性,B.思想性、政治性、时代性、原则性,C.政治性、思想性、时代性、原则性,D.政治性、思想性、时代性、战斗性
59 坚决防止和反对_________，坚决防止和反对宗派主义、圈子文化、码头文化，坚决反对搞两面派、做两面人。,C,A.个人主义、享乐主义、自由主义、本位主义、好人主义,B.个人主义、分散主义、山头主义、本位主义、好人主义,C.个人主义、分散主义、自由主义、本位主义、好人主义,D.个人主义、分散主义、自由主义、本位主义、享乐主义
60 _____和_____，是中国共产党人的精神支柱和政治灵魂，也是保持党的团结统一的思想基础。,B,A.共产主义远大理想　新时代中国特色社会主义共同理想,B.共产主义远大理想　中国特色社会主义共同理想,C.共产主义崇高理想　新时代中国特色社会主义共同理想,D.共产主义崇高理想　中国特色社会主义共同理想
61 要坚持党管干部原则，_____，把好干部标准落到实处。,D,A.坚持立场坚定、素质过硬，坚持五湖四海、任人唯贤，坚持事业为上、公道正派,B.坚持德才兼备、以德为先，坚持立场坚定、素质过硬，坚持事业为上、公道正派,C.坚持德才兼备、以德为先，坚持五湖四海、任人唯贤，坚持立场坚定、素质过硬,D.坚持德才兼备、以德为先，坚持五湖四海、任人唯贤，坚持事业为上、公道正派
62 要以提升____为重点，突出政治功能，把企业、农村、机关、学校、科研院所、街道社区、社会组织等基层党组织建设成为宣传党的主张、贯彻党的决定、领导基层治理、团结动员群众、推动改革发展的坚强战斗堡垒。,C,A.凝聚力,B.领导力,C.组织力,D.战斗力
63 要坚持无禁区、全覆盖、零容忍，坚持_______，坚持受贿行贿一起查，坚决防止党内形成利益集团。,B,A.重预防、强高压、长震慑,B.重遏制、强高压、长震慑,C.重遏制、不减压、长震慑,D.重遏制、强高压、长威慑
64 增强党自我净化能力，根本靠强化____和____。,B,A.党的自我监督　舆论监督,B.党的自我监督　群众监督,C.党的自我监督　司法监督,D.党的自我监督　民主监督
65 推进_____，建设覆盖纪检监察系统的检举举报平台。强化不敢腐的震慑，扎牢不能腐的笼子，增强不想腐的自觉，通过不懈努力换来海晏河清、朗朗乾坤。,C,A.监察领域国家立法,B.预防腐败国家立法,C.反腐败国家立法,D.廉政国家立法
"1, 2019年5月, 中共中央政治局召开会议,决定从6月起,在全国自上而下分两批开展（ ）主题教育。",C,A．“两学一做”,"B.""三产三实”",C. “不忘初心、牢记使命”,D．“四个全面”
"2、开展“不忘初心、牢记使命”主题教育就是要坚持思想建党、理论建党,推动全党深入学习贯彻(  )。",B,A.科学发展观,B.习近平新时代中国特色社会主义思想,C.马克思主义思想,D.“三个代表”重要思想
"3、开展“不忘初心、牢记使命”主题教育就是要教育引导全党同志牢记党的宗旨,坚持以(  )为中心,把群众观点和群众路线深深根植于思想中、具体落实到行动上,不断巩固党的执政的阶级基础和群众基础。",A,A．人民,B.英雄,C.工人,D.农民
"4、开展“不忘初心、牢记使命”主题教育就是要教育引导全党同志勇担( ),发干事创业的精气神。",A,A.职责使命,B.责任,C.义务,D.担当
"5、开展“不忘初心、丰记使命”主题教育,根本任务是深入学习贯彻习近平新时代中国特色社会主义思想,锤炼忠诚干净担当的( ) ,团结带领全国各族人民为实现伟大梦想共同奋斗。",A,A.政治品格,B.思想品格,C.道德品格,D.文化品格
1. 新中国成立后确立的__ ___制度，对祖国统一、民族平等、民族团结和地区发展具有重要好处。,D,A。联邦制,B。邦联制,C。一国两制,D。民族区域自治
2. 1956年9月15至27日党的八大在北京举行，这次大会明确了国内主要矛盾是___ ____。,C,A。无产阶级和资产阶级的矛盾,B。中华民族和帝国主义的矛盾,C。落后的经济文化和人民需要之间的矛盾,D。人民群众内部矛盾
3. 20世纪60年代，我国科学技术取得若干重要成就，___ _年我国爆炸了第一颗原子弹。,A,A。1964,B。1965,C。1966,D。1967
4. 38。中国共产党在建国初期所面临的主要任务是 __。,B,A。对资本主义工商业进行社会主义改造,B。恢复国民经济,C。进行现代化建设,D。镇压反革命
5. 41。下列__ __会议是我国改革开放的标志。,B,A。1956年党的八大,B。1978年党的十一届三中全会,C。1987年党的十三大,D。1997年党的十五大
6. 1949年10月1日，中华人民共和国成立，标志着中国_  _革命已经取得基本胜利，中国人民当家作主的时代已经到来，中国历史由此开辟了一个新纪元。,B,A。旧民主主义,B。新民主主义,C。社会主义,D。民族主义
7. 毛泽东在党的__ ___上做报告时提出了“两个务必”的要求：“务必使同志们继续地持续谦虚、谨慎、不骄、不躁的作风，务必使同志们继续地持续艰苦奋斗的作风。,C,A。七大,B。七届三中全会,C。七届二中全会,D。八大
8. 中华人民共和国第一部宪法通过的实践是___ __。,C,A。1949年,B。1952年,C。1954年,D。1956年
9. 根据上海“南京路上好八连”改编的电影__ ___，使“好八连”的革命传统在群众中广为传播。,A,A。《霓虹灯下的哨兵》,B。《永不消逝的电波》,C。《英雄儿女》,D。《渡江侦察记》
10. 1949年10月1日下午2时，新选出的中央人民政府委员会在中南海勤政殿举行第一次会议，宣布就职。会议任命的中华人民共和国第一任外交部长是：（   ）,A,A、周恩来,B、陈毅,C、贺龙,D、罗瑞卿
11. 1950年6月6日至9日，中国共产党第七届中央委员会第三次全体会议在北京召开，会议的中心议题是：（   ）,A,A、确定党在国民经济恢复时期的主要任务,B、研究恢复新中国工业生产问题,C、制定打击不法投机资本、稳定经济的政策,D、开展镇压反革命运动
12. 中国人民定为中国人民志愿军抗美援朝纪念日是：（   ）,B,A、10月19日,B、10月25日,C、12月1日,D、12月25日
13.我国基本完成土地改革的时间是：（   ）,C,A、1950年冬,B、1951年底,C、1952年底,D、1953年初
14.新中国成立后制定的第一部基本法律是：（   ）,D,A、《中华人民共和国宪法》,B、《土地改革法（草案）》,C、《中华人民共和国惩治反革命条例》,D、《中华人民共和国婚姻法》
15.从1951年12月至1952年10月，在我国开展的一场运动是（   ）,A,A、反对贪污反对浪费反对官僚主义的“三反运动”,B、反对行贿、偷税漏税、盗骗国家财产、偷工减料、盗窃国家经济情报的“五反运动”,C、反对贪污反对行贿反对官僚主义的“三反运动”,D、反对贪污、偷税漏税、盗骗国家财产、偷工减料、盗窃国家经济情报的“五反运动”
16.我国开始实施发展国民经济第一个五年计划是在：（   ）,C,A、1949年,B、1950年,C、1953年,D、1956年
17.1954年9月15日至28日在北京召开的重要会议是：（   ）,B,A、中国人民政治协商会议第一次会议,B、第一届全国人民代表大会第一次会议,C、中国共产党七届三中会议,D、第一次全国农村工作会议
18.1954年9月20日，一届人大一次会议公布的法律是：（   ）,A,A、《中华人民共和国宪法》,B、《土地改革法（草案）》,C、《中华人民共和国惩治反革命条例》,D、《中华人民共和国婚姻法》
19.我国基本上完成对生产资料私有制的社会主义改造是在：（   ）,D,A、1949年,B、1950年,C、1953年,D、1956年
20.在下列的毛泽东著作中，被认为是中国共产党比较系统地探索中国自己的建设社会主义道路的开始是：（   ）,A,A、《论十大关系》,B、《关于正确处理人民内部矛盾的问题》,C、《关于农业合作化问题》,D、《在全国宣传工作会议上的讲话》
21.1956年9月15日至27日，中国共产党第八次全国人民代表大会在北京全国政协礼堂隆重举行，八大最重要的主题是：,B,A、党的建设,B、经济建设,C、国防建设,D、文化建设
22.毛泽东在《正确解决人民内部矛盾的问题》中提出的解决人民内部矛盾的民主方法是：（   ）,C,A、斗争――团结――斗争,B、团结――斗争――团结,C、团结――批评――团结,D、批评――团结――批评
23。改革开放初期，我国设立的经济特区有__ __。,C,A。深圳 上海 汕头 珠海 海南,B。深圳 厦门 海南 珠海 浦东,C。深圳 珠海 汕头 厦门 海南,D。深圳 上海 厦门 汕头 珠海
24.?1978年5月11日，《光明日报》发表题为__ _ 的特约评论员文章，从根本上否定了“两个凡是”的错误方针，揭开了真理标准讨论的序幕。,A,A.《实践是检验真理的唯一标准》,B.《一切主观世界的东西都要接受实践的检验》,C.《马克思主义的一个基本的原理》
25．1949年中国人民政治协商会议通过的（ ）成为中国人民的大宪章，它在一个时期内起着临时宪法的作用。,B,A . 《中国人民政治协商会议组织法》,B . 《中国人民政治协商会议共同纲领》,C . 《中华人民共和国中央人民政府组织法》
26. ?中国人民政治协商会议第一次全体会议决定，以《义勇军进行曲》为（ ）。,C,A . 国歌,B . 临时国歌,C . 代国歌
28. 中华人民共和国的成立和社会主义制度的建立，是100多年来中国人民在前进道路上经历的（ ）历史性的巨大变化。这是在以毛泽东为核心的第一代领导集体领导下完成的。,B,A . 第一次,B . 第二次,C . 第三次
29. 标志着“蒋家王朝”在大陆统治最后终结的事件是（ ）。,A,A . 大西南战役,B . 新疆的解放,C . 西藏和平解放
30. 建国初期，中国共产党在土地改革中对富农的政策是（ ）,C,A . 征收富农多余的土地财产,B . 消灭富农经济,C . 保存富农经济,D . 限制富农经济
31 中国人民解放军解放大陆的最后一战是（ ）。,A,A . 昌都战役,B . 海南岛战役,C . 厦门战役
32.1950年6月，中央人民政府委员会通过和颁布了由刘少奇主持制定，党的七届三中全会讨论后提交政府的（ ），它是指导建国后农村土地改革的基本法律依据。,C,A . 《五四指示》,B . 《中国土地法大纲》,C . 《中华人民共和国土地改革法》
33. 新中国成立初期，抗美援朝、土地改革同（ ）一起被称为“三大革命运动”。,A,A . 镇压反革命,B . “三反”运动,C . “五反运动”
34. 新中国成立初期开展的“三反”运动的内容是（ ）,A,A . 反贪污、反浪费、反官僚主义,B . 反贪污、反偷税漏税、反官僚主义,C . 反贪污、反投机倒把、反偷工减料,D . 反贪污、反偷工减料、反官僚主义
35. 1951年成立的我军第一所军事院校是（ ）,B,A . 中国人民解放军国防大学,B . 中国人民解放军军事学院,C . 中国人民解放军国防科技大学
36. 新中国第一个五年计划的重点任务是（ ）,D,A . 和平解放西藏,B . 完成土地改革,C . 完成三大改造,D . 发展重工业
37. 1953年7月27日，《关于朝鲜军事停战的协定》及其附件和临时补充协议在（ ）正式签署，历时3年多的朝鲜战争宣告结束。,A,A . 板门店,B . 开城,C . 平壤
38. 周恩来1953年12月在北京会见（ ）代表时首次系统提出和平共处五项原则。,B,A . 苏联,B . 印度,C . 朝鲜,D . 缅甸
39. （ ）是国家最高权力机关。,B,A . 中国共产党,B . 全国人民代表大会,C . 各级人民代表大会,D . 全国人民代表大会常务委员会
40. 《共同纲领》确定中华人民共和国的性质是(     )。,B,A．工人阶级专政,B．人民民主专政,C．工农民主专政,D．资产阶级专政
41. 第一个同新中国正式建立外交关系的国家是(     )。,B,A．朝鲜民主主义人民共和国,B．苏联,C．印度,D．罗马尼亚
42．中国新民主主义革命胜利的三大法宝：(     )、武装斗争、党的建设。,D,A。土地革命,B．党的领导,C．群众路线,D．统一战线
43．中共七届三中全会提出的当前阶段的中心任务是(     )。,B,A．消灭国民党反动派残余力量,B．争取国家财政经济状况的基本好转,C．在新解放区完成土地制度的改革,D．合理调整现有工商业
44．1950年，我国开展的三大运动不包括(     )。,B,A．抗美援朝运动,B．整风运动,C．镇压反革命运动,D．土地改革运动
45．新中国建立初期的“银圆之战”和“米棉之战”的直接目的是(     )。,D,A．恢复发展国民经济,B．巩固人民民主政权,C．解决财政困难,D．平抑物价，稳定市场
46．新中国成立初期，人民政府为稳定市场、安定人心，严厉打击投机倒把活动，经过(     )，稳定了物价，结束了我国连续十多年物价暴涨的局面。,A,A．“银圆之战”和“米棉之战”,B．“银圆之战”和“煤油之战”,C．“煤油之战”和“米棉之战”,D．“米棉之战”和“债券之战”
47．(     )，为了抗美援朝、保家卫国，中共中央命令中国人民志愿军出兵朝鲜作战，并任命彭德怀为志愿军司令员兼政治委员。,A,A．1950年10月,B．1951年10月,C．1952年10月,D．1953年10月
48．中国人民志愿军的司令员是(     )。,A,A．彭德怀,B．陈赓,C．邓华,D．洪学智
49．西藏和平解放是在(     )年。,C,A．1949,B．1950,C．1951,D．1952
50．党提出了过渡时期总路线是在(     )年。,C,A．1956,B．1952,C．1953,D．1955
51．1953年国家开始对农业进行社会主义改造，其原则是(     )。,A,A．自愿互利,B．积极发展,C．稳步前进,D．逐步推进
52．在第一个五年计划实施中，成就最突出的行业是(     )。,C,A．交通运输业,B．商业,C．农业,D．工矿业
53．过渡时期总路线的主体是(     )。,D,A．对资本主义工商业的社会主义改造,B．对农业的社会主义改造,C．对手工业的社会主义改造,D．实现国家的社会主义工业化
54．1953年至1957年是中国共产党和政府实施第一个五年计划的时期，也被称为新中国工业化的起步时期。在当时的历史条件下，“一五”计划把(     )作为经济建设的中心环节。,B,A．优先发展轻工业,B．优先发展重工业,C．轻工业、重工业并举,D．工业、农业并举
55．至1953年止，我国除消灭地主阶级外，还消灭了(     )(或阶层)。,B,A．小资产阶级,B．官僚资产阶级,C．民族资产阶级,D．中农
56．关于1956年中国社会的变化，表述不正确的一项是(     )。,D,A．生产资料所有制形式发生了根本性变化,B．中国社会形态发生巨大变化,C．中国社会主要矛盾发生变化,D．新民主主义革命过渡到社会主义革命时期
57．初级合作社和高级合作社最根本的区别是(     )。,A,A．性质,B．规模,C．地区,D．名称
"58．新中国成立时，中国与外国政府建立外交关系的原则是(     )。
①原有外交关系有效    ②遵循平等互利原则
③互相尊重领土主权    ④互相给予最惠国待遇",A,A．②③,B．①④,C．①②③,D．②③④
"59．按时问先后顺序，以下历史事件的正确排列是(     )。
①西藏和平解放        ②全国土改基本完成
③抗美援朝取得胜利    ④镇压反革命运动开始",A,A．④①③②,B．①②③④,C．②③①④,D．③④②①
60．第一届全国人民代表大会选举的人大常委会委员长是(     )。,C,A．董必武,B．周恩来,C．刘少奇,D．林伯渠
61．从法律上规定我国的社会主义原则和方向的文献是(     )。,B,A．《共同纲领》,B．《中华人民共和国宪法》,C．《新民主主义论》,D．《关于正确处理人民内部矛盾的问题》
62．1954年的《中华人民共和国宪法》与1949年的《共同纲领》相比，内容上的根本区别在于(     )。,C,A．规定的国家政体不同,B．《宪法》规定了人民的基本权利和义务,C．规定的社会形态和体现出的原则不同,D．二者具有不同的阶级属性
63．1954年9月，第一届全国人民代表大会第一次会议在北京召开，会议的首要任务是(     )。,B,A．选举政府组成人员,B．制定宪法,C．制定经济发展规划,D．审议政府工作报告
64．1955年9月，中华人民共和国主席授予中国人民解放军军官以中华人民共和国元帅军衔及授予有功人员勋章典礼在北京隆重举行，朱德等10人被授予元帅军衔。十大元帅不包括(     )。,D,A．林彪,B．罗荣桓,C．叶剑英,D．粟裕
65．中国共产党开始在实践中探索本国建设社会主义道路的标志是(     )。,D,A．第一个五年计划的制定,B．中共八大的召开,C．过渡时期总路线和总任务的公布,D．《论十大关系》的报告
66．我国第一个五年计划的期限是(     )。,B,A．1949―1954年,B．1953―1957年,C．1952一1956年,D．1954―1958年
67．下列对镇压反革命运动的表述不正确的是(     )。,D,A．使社会秩序得到空前安定,B．巩固了新中国人民民主专政的政权,C．为国民经济恢复发展创造了条件,D．肃清了国民党军队残余势力
68．1954年《中华人民共和国宪法》的制定，意味着(     )。,C,A．中国的社会主义法制建设已经完善,B．新中国的民主政治建设已经完善,C．中国第一部社会主义类型的宪法产生,D．政治协商会议使命结束
69．人民代表大会制度作为我国的根本政治制度，是经由1954年9月召开的第一届全国人民代表大会第一次会议通过的(     )正式确立的。,B,A．《中国人民政治协商会议共同纲领》,B．《中华人民共和国宪法》,C．《中华人民共和国中央人民政府组织法》,D．《全国人民代表大会一届一次会议公报》
70．毛泽东《论十大关系》主要探讨的是(     )。,C,A．政治问题,B．社会问题,C．经济问题,D．思想路线问题
"71．毛泽东的《论十大关系》提出的依据是(     )。
①总结新中国成立几年来建设的经验
②借鉴苏联建设的经验和教训
③以过渡时期的总路线为指导
④以中共八大的正确决策为根据",A,A．①②,B．②④,C．②③,D．①④
72．1956年4月，毛泽东在中央政治局扩大会议上作了(     )重要讲话，强调要把国内外一切积极因素调动起来，为社会主义事业服务。这是中国共产党开始探索中国自己的建设社会主义道路的一篇重要文献。,A,A．《论十大关系》,B．《关于正确处理人民内部矛盾的问题》,C．《人的正确思想是从哪里来的》,D．《新民主主义论》
73．中共八大指出，在我国社会主义制度已经建立的情况下，国内的主要矛盾是(   )。,D,A．人民内部各个方面的矛盾,B．无产阶级同资产阶级的矛盾,C．社会主义与资本主义的矛盾,D．先进的社会制度同落后的社会生产之间的矛盾
74．中共八大提出的今后我国经济建设的指导方针是(     )。,A,A．既反保守，又反冒进，坚持在综合平衡中稳步前进,B．大干快上，超英赶美,C．鼓足干劲，力争上游，多快好省地建设社会主义,D．“调整、巩固、充实、提高”
75．1955年率团出席亚非会议(万隆会议)的是(     )。,B,A．刘少奇,B．周恩来,C．陈毅,D．宋庆龄
76．关于毛泽东的《论十大关系》，下列阐述错误的一项是(     )。,D,A．1956年4月毛泽东发表了《论十大关系》,B．确定的一个基本方针是调动国内外一切积极因素，为社会主义事业服务,C．强调更多地发展农业、轻工业和利用、发展沿海工业,D．彻底否定了苏联的经验和发展模式
77．中国共产党解决我国民族问题的基本政策是(     )。,B,A．民族自治,B．民族区域自治,C．民族平等,D．民族团结
78．造成1959年至1961年国民经济严重困难的多种因素中，最主要的是(     )。,C,A．空前严重的自然灾害,B．对彭德怀的错误批判,C．党的经济建设指导方针的失误,D．苏联撕毁两国经济技术合作协议
79．在中共八大上提出我国社会主义经济制度实行“三个主体，三个补充”设想的是(   )。,C,A．刘少奇,B．邓小平,C．陈云,D．周恩来
80．党的八大提出要正确认识社会主义社会的基本矛盾，正确区别和处理敌我矛盾和人民内部矛盾，提出正确处理人民内部矛盾的总方针是(     )。,B,A．惩前毖后，治病救人,B．实事求是，群众路线,C．团结――批评――团结,D．弄清思想，团结同志
"81．违背中共八大精神的有(     )。
①“反右派”斗争扩大化  ②“大跃进”和人民公社化
③进行“反右倾”斗争    ④召开七千人大会",A,A．①②③,B．②③④,C．②③,D．①④
82．总路线的主要错误在于(     )。,A,A．忽视了客观规律,B．提法不全面,C．突出了阶级斗争,D．“好”和“省”没有具体标准
83．中共八大时党提出的经济建设方针是(     )。,C,A．反对保守，大干快上,B．反对冒进，平稳中发展,C．在综合平衡中稳步前进,D．大幅度提高生产增长速度
"84．1957年中共中央发出《关于整风运动》的指示中，主要反对的是(     )。
①主观主义  ②宗派主义  ③官僚主义  ④教条主义",B,A．①②④,B．①②③,C．②③④,D．①③④
85．1958年“左”倾错误的主要标志是(     )。,A,A．高指标、瞎指挥、浮夸风、“共产风”,B．专家治厂,C．业务第一,D．效益第一
86．下列事件，不是发生在第一个五年计划期间的是(     )。,C,A．制定了第一部社会主义类型的宪法,B．进行了三大改造,C．掀起了“大跃进”运动,D．召开了中共八大
87．毛泽东在《关于正确处理人民内部矛盾的问题》中提出，在共产党和民主党派的关系上实行的方针是(     )。,A,A．长期共存，互相监督,B．团结、教育、改造,C．肝胆相照，荣辱与共,D．利用、限制、改造
88．20世纪50年代提出的两条总路线最大的区别是(     )。,B,A．对人民群众的态度,B．对客观规律的态度,C．对无产阶级专政的态度,D．对社会主义道路的态度
"89．下列活动起到思想解放作用的有(     )。
①维新派同封建顽固势力的论战  ②新文化运动
③问题与主义之争    ④关于真理标准问题的讨论",A,A．①②④,B．①②③,C．②③④,D．①③④
90．1956年到1966年，我国国民经济建设过程中，呈现的趋势是(     )。,B,A．初期问题严重，后期逐渐纠正,B．初期后期较好，中期问题严重,C．初期中期较好，后期问题严重,D．整个十年，经济处于停滞状态
91．1957年整风运动和1942年延安整风运动相比较，在内容上的主要不同点是(     )。,A,A．反对官僚主义,B．反对主观主义,C．反对宗派主义,D．反对党八股
92．1957年，毛泽东发表了(     )一文，提出了严格区分和正确处理两类不同性质的矛盾，团结全国各族人民发展我们的经济、发展我们的文化，建设社会主义强大国家的战略思想。,A,A．《关于正确处理人民内部矛盾》,B．《目前的形势和任务》,C．《论十大关系》,D．《关于农村合作化问题》
93．“反右派”斗争严重扩大化的一个重要影响，就是改变了中共八大一次会议关于(   )。,A,A．我国社会主要矛盾的判断,B．既反保守又反冒进，即在综合平衡中稳步前进的经济建设方针,C．反对把个人突出和对个人歌功颂德的方针,D．以团结稳定为大局，集中力量搞建设的方针
94．1958年8月在北戴河召开的中央政治局扩大会议，把(     )运动迅速推向高潮，以高指标、瞎指挥、浮夸风、“共产风”为主要标志的“左”倾错误严重地泛滥开来。,B,A．“大跃进”,B．“大跃进”和人民公社化,C．人民公社化,D．超英赶美
95．1956―1976年20年间影响我国经济建设正确发展的根本原因是(     )。,D,A．三大改造进行得过急过快过粗,B．帝国主义对我国的长期封锁和破坏,C．旧中国破、烂、穷的经济状况,D．“左”倾错误思想的指导
96．“反右”斗争扩大化的最重要的影响是(     )。,B,A．将几十万人错划为“右派”,B．从理论上修改了中共八大关于我国社会主要矛盾的论断,C．混淆了两类不同性质的矛盾,D．提出了以阶级斗争为纲的错误口号
97．1958年中国共产党提出的建设社会主义的总路线，主要教训是(     )。,D,A．生产关系一定要适应生产力的发展,B．经济建设一定要高速度向前发展,C．社会主义阶段要实行“按劳分配”,D．经济指导方针要符合客观经济规律
98．下列不属于中共八大提出的任务的一项是(     )。,C,A．总结中共七大以来的经验,B．把党和国家的工作重心转移到经济建设上来,C．提出加快对外开放步伐，利用外资发展我国经济,D．提出改革旧的经济体制
99．毛泽东在1959年第二次郑州会议上提出一个重要观点，强调(     )是一个伟大的学校，只有利用它，才能教会我们几千万干部和几万万人民建设社会主义。,B,A．商品经济,B．价值法则,C．社会实践,D．市场法则
"100．1959年，毛泽东发动批判彭德怀斗争的影响是(     )。
①使“左”倾错误进一步发展  ②纠正了农村工作中的右倾错误
③造成国民经济三年严重困难  ④鼓舞了全党全国人民的斗志",C,A．②③④,B．②④,C．①②,D．①②④
101．1960年，中央提出“调整、巩固、充实、提高”的八字方针，其中“调整”的含义是(     )。,C,A．调整阶级斗争和经济建设的关系,B．调整党群关系和干群关系,C．调整国民经济各方面的比例关系,D．调整中共与民主党派的关系
102．刘少奇指出：“过去我们经常把缺点、错误和成绩，比之于一个指头和九个指头的关系，现在恐怕不能到处这样套。……有些地区，缺点和错误不止是三个指头。”这主要是对(     )的评价。,C,A．建国后的土地改革运动,B．社会主义三大改造运动,C．“大跃进”和人民公社化运动,D．“文化大革命”运动
103．在1964年底到1965年初召开的(     )上，周恩来在政府工作报告中宣布，全国人民要努力奋斗，把我国逐步建设成一个具有现代农业、现代工业、现代国防和现代科学技术的社会主义强国。这是第一次郑重地向全国人民宣布四个现代化的任务。,B,A．二届全国人大一次会议,B．三届全国人大一次会议,C．四届全国人大一次会议,D．五届全国人大一次会议
104．在1964年底到1965年初召开的第三届全国人民代表大会第一次会议上，周恩来在政府工作报告中第一次郑重地向全国人民提出实现(     )。,B,A．1966年将开始执行的第三个五年计划,B．四个现代化的任务,C．三线建设的计划,D．工业化
105．1964年10月16 日，我国成功地爆炸了第一颗(     )，有力地打破了超级大国的核垄断和核讹诈，提高了我国的国际地位。,C,A．中子弹,B．导弹,C．原子弹,D．氢弹
106．在党的思想建设中，既清算“左”又清算右的错误的会议或运动是(     )。,B,A．遵义会议,B．1942年整风运动,C．1962年七千人大会,D．中共十一届三中全会
107．(     )文章的发表以及随之而来的群众性批判运动，成为“文化大革命”的导火线。,B,A．《海瑞罢官》,B．《评新编历史剧<海瑞罢官)》,C．《二月提纲》,D．《五一六通知》
108．由领导人错误发动，给党、国家和人民造成新中国成立以来最严重挫折和损失的“文化大革命”发生的时间是(     )。,C,A．1960年5月至1970年10月,B．1963年9月至1973年9月,C．1966年5月至1976年10月,D．1966年5月至1976年4月
109．1967年2月批评“文化大革命”倒行逆施，1976年又领导粉碎“四人帮”的是(   )。,D,A．陈毅,B．贺龙,C．邓小平,D．叶剑英
110．新中国外交政策成熟的标志是(     )。,B,A．《中苏友好同盟互助条约》的签订,B．和平共处五项原则的提出,C．出席亚非(万隆)会议,D．参加1954年的日内瓦国际会议
111．中国政府第一次公开提出和平解决台湾问题的方针，是在(     )中。,A,A．全国人大常委会《告台湾同胞书》,B．《论十大关系》,C．第26届联合国大会,D．中美上海公报
112．国际旧秩序的本质是(     )。,A,A．霸权主义和强权政治,B．军备竞赛,C．用武力或武力威胁干涉别国内政,D．少数几个大国主宰国际事务
113．1971年，在恢复中国在联合国合法席位的表决过程中，起到关键作用的是(     )。,B,A．欧洲国家,B．亚非拉国家,C．亚洲国家,D．美国
114．美国同中华人民共和国正式建立外交关系是在(     )。,C,A．尼克松总统时期,B．福特总统时期,C．卡特总统时期,D．里根总统时期
115．中国对外政策的根本原则是(     )。,B,A．维护世界和平，促进全球发展,B．独立自主,C．和平共处五项原则,D．不称霸
116．中国共产党的历史上反复出现的右倾和“左”倾机会主义错误，从思想根源来说都是(     )。,B,A．本本主义,B．主观主义,C．唯心主义,D．冒险主义
117．下列史实中，党和人民反对“左”倾错误的表现有(     )。,D,A．“一月革命”、“二月逆流”、四五运动,B．“批林批孔”、“二月逆流”、《二月提纲》,C．“一月革命”、“批林批孔”、四五运动,D．“二月逆流”、四五运动、《二月提纲》
118．提出和平共处五项原则，最初是为了(     )。,B,A．与以苏联为首的社会主义国家加强联系但又要保持一定的独立性,B．同新兴的民主国家和周边国家发展关系,C．改善或缓和同港澳台的关系，早日实现和平统一,D．缓和与美国等资本主义国家的敌对情绪
"119．20世纪70年代，中国在外交上取得的主要成就有(     )。
①以五大国之一的地位参加日内瓦国际会议
②恢复在联合国的合法席位
③中美关系开始正常化
④与中国建立外交关系的国家增加到100多个",D,A．①②③④,B．①②③,C．①③④,D．②③④
120．中国近现代史上，中国共产党倡导组织了数次统一战线。下列有关其共同点的叙述，正确的一项是(     )。,A,A．组建的原因是敌强我弱,B．都是由中国共产党领导,C．都是以国共合作为基础,D．都是为了团结一切可以团结的力量完成特定的历史任务
121．我国处理民族关系的一项重要政治制度，是在少数民族地区实行(     )。,C,A．民族平等,B．民族团结,C．民族区域自治,D．共同繁荣
122．导致发生“文化大革命”这样的历史悲剧和犯其他各种重大错误的根本性原因是(   )。,A,A．政治体制问题,B．领导人问题,C．政治制度问题,D．封建主义问题
"123．九一三事件后，周恩来主持中央日常工作，各方面工作出现转机，其表现有(     )。
①工农业总产值有较大幅度的提高
②一大批干部重新回到工作岗位上
③全面系统地纠正“文化大革命”的错误
④社会秩序得到了一定程度的恢复",A,A．①②④,B．②③,C．①③,D．②③④
124．1975年，邓小平在毛泽东支持下主持中央日常工作，从整顿 (     )开始，着手对许多方面的工作进行整顿。,A,A．铁路,B．教育科技,C．农业,D．工业
125．1976年，为粉碎“四人帮”奠定了群众基础的是(     )。,B,A．九一三事件,B．四五运动,C．“一月革命”,D．《二月提纲》
126．作出恢复邓小平在1976年被错误撤销的党内外的全部领导职务的会议是1977年7月召开的(     )。,A,A．中共十届三中全会,B．中共十届五中全会,C．中共十一大,D．中共十一届三中全会
127．“文化大革命”结束后，党内存在的所谓“两个凡是”是指(     )。,B,A．凡是马克思列宁主义的基本原理都是正确的；凡是马克思列宁主义的方针政策都应该执行,B．凡是毛主席作出的决策，我们都坚决维护；凡是毛主席指示的，我们都始终不渝地遵循,C．凡是符合实际的正确的政策，我们都应该继续坚决执行下去；凡是符合客观的需要，我们应努力把事情办好,D．凡是符合人民意志的，我们应该始终不渝地遵循；凡是符合国家利益的，我们应该去保护它
128．关于“文化大革命”，下列论断不准确的一项是(     )。,D,A．这十年间，我们党作为一个整体没有被摧毁和分裂,B．社会主义建设仍然取得了一定进展,C．社会主义建设取得的成就也是“文化大革命”的成果,D．“文化大革命”不是任何意义上的革命或社会进步
129．1978年5月1日，《光明日报》发表了题为(     )的特约评论员文章，从根本上、理论上否定了“两个凡是”的错误方针，揭开了真理标准问题讨论的序幕。,A,A．“实践是检验真理的唯一标准”,B．“一切主观世界的东西都要接受实践的检验”,C．“马克思主义的一个最基本的原则”,D．“解放思想，实事求是”
130．1978年6月2日，邓小平在全军政治工作会议上发表重要讲话，对刚刚开展的真理标准问题讨论给予支持，并再次阐述毛泽东关于(     )的观点。,A,A．实事求是，一切从实际出发，理论联系实际,B．从群众中来，到群众中去的群众路线,C．独立自主，自力更生,D．党的思想建设
131．1978年12月，中共中央决定成立(     )委员会，并选举陈云为第一书记。,A,A．中央纪律检查,B．发展和改革,C．国家计划,D．国有资产监督管理
132．1978年，中共中央召开了十一届三中全会，全会的中心议题是讨论(    )。,A,A．全党工作的重点转移到社会主义现代化建设上来,B．通过建立社会主义市场经济体制纲领,C．拨乱反正,D．确立解放思想、实事求是的思想路线
133．下列关于中共十一届三中全会，表述不正确的一项是(     )。,C,A．全会的中心议题是讨论把全党工作的重点转移到社会主义现代化建设上来,B．重新确立了马克思主义实事求是的思想路线,C．邓小平主持了会议并发表了重要讲话,D．全会作出了实行改革开放的新决策，启动了农村改革的新进程
134．中共十一届三中全会以后，率先进行经济体制改革的是(    )。,A,A．农村,B．城市,C．沿海地区,D．内地
135．“文化大革命”结束后到中共十一届三中全会之前，我国历史前进中出现徘徊，主要原因是(     )。,B,A．“文化大革命”破坏了经济,B．党的“左”倾指导思想没有改变,C．在经济建设上急于求成,D．计划经济体制的束缚
136．中共十一届三中全会认真讨论了“文化大革命”中发生的一些重大政治事件，以及“文化大革命”前遗留下来的某些历史问题，决定撤销中央在1976年发出的有关(     )的错误文件。,C,A．所谓打击投机倒把和取缔自由市场,B．所谓清理阶级队伍和巩固“文化大革命”运动伟大成果,C．所谓“反击右倾翻案风”运动和处理天安门事件,D．所谓狠批党内的走资派，防止资本主义复辟
137．中共十一届三中全会认真讨论了全党工作重点转移的问题。全会认为全国揭批林彪、“四人帮”的运动已经取得了伟大胜利，应当及时地、果断地把全党工作的着重点和全国人民的注意力转移到(      )。,B,A．加快经济体制改革和扩大对外开放上来,B．社会主义现代化建设上来,C．加强社会主义民主和法制建设上来,D．拨乱反正上来
138．中共十一届三中全会重新确立的思想路线是(      )。,A,A．解放思想，实事求是,B．一切从实际出发,C．理论联系实际,D．从中国的国情出发
139．中共十一届三中全会高度评价了关于实践是检验真理的唯一标准问题的讨论，认为这场大讨论对于促进全党同志和全国人民 (     )，具有深远的历史意义。,B,A．提高认识，增强建设社会主义的自觉性,B．解放思想，端正思想路线,C．坚定实现共产主义的理想和信念,D．空前的思想上、组织上的团结一致
140．我们党在十一届三中全会上毅然抛弃“以阶级斗争为纲”这个不适用于社会主义社会的“左”的错误方针，把党和国家的工作中心转移到经济建设上来，这是(     )的拨乱反正。,A,A．政治路线,B．思想路线,C．组织路线,D．指导方针
141．在中共十一届三中全会前夕召开的中央工作会议上，邓小平作了 (     )的讲话，这实际上成为党的十一届三中全会的主题报告。,A,A．《解放思想，实事求是，团结一致向前看》,B．《高举毛泽东思想旗帜，坚持实事求是的原则》,C．《坚持党的路线，改进工作方法》,D．《反对教条主义，坚持和发展马克思主义》
142．邓小平在1978年中央工作会议闭幕会上的重要讲话中着重指出，要实现四个现代化，就必须靠实事求是，这是无产阶级世界观的基础，是马克思主义的思想基础。在当前，要恢复实事求是的传统，就必须(     )。,B,A．彻底否定“以阶级斗争为纲”的错误方针,B．解放思想，克服党内由于种种原因形成的思想僵化的状态,C．深入揭批林彪、“四人帮”所奉行的极左路线,D．正确认识和评价毛泽东的历史地位
143．中共十一届三中全会根据党的历史经验教训，决定健全党的民主集中制，健全党规党法，严肃党纪，切实搞好党风建设，并选举产生了以陈云为第一书记的(     )。,B,A．中央监察委员会,B．中央纪律检查委员会,C．中央政法委员会,D．中央顾问委员会
"1 1978 年 5 月 11 日,( )发表本报特约评论员文章《实践是检验 真理唯一标准》,引发真理标准问题的大讨论,成为解放思想的先声。",A,A、《光明日报》,B、《人民日报》,C、《中国日报》,D、《中国青年报》
"2 党的( )确立了解放思想、实事求是的思想路线,作出把党和国家工作重心转移到经济建设上来、实行改革开放的历史性决策。",A,A、十一届三中全会,B、十二大,C、十三大,D、十四大
"3( )年 9 月 5 日,邓小平在会见捷克斯洛伐克总统胡萨克时,提出了“科学技术是第一生产力”的著名论断。",B,A、1987,B、1988,C、1989,D、1990
"4 1984 年 4月,开放的 14 个港口城市中,其中有( )个是山东省城市。",C,A、无,B、1,C、2,D、3
"5党的( )立足于中国已经解决温饱、人民生活总体达到小康水平的基础,进一步提出了全面建设小康社会的构想",C,A、十四大,B、十五大,C、十六大,D、十七大
"6党的十九大报告指出,从现在到二二年,是全面建成小康社会( )。",A,A、决胜期,B、交汇期,C、转折期,D、机遇期
"7从十九大到二十大,是“两个一百年”奋斗目标的( )。",C,A、历史转折期,B、战略决胜期,C、历史交汇期,D、战略机遇期
"8从二三五年到本世纪中叶,在基本实现现代化的基础上,再奋斗十五年,把我国建成( )的社会主义现代化强国。",C,A、富强民主文明和谐,B、国际影响力领先,C、富强民主文明和谐美丽,D、综合国力领先
"9中国特色社会主义进入新时代,我国社会主要矛盾已经转化为人 民日益增长的( )需要和不平衡不充分的发展之间的矛盾。",C,A、物质文化,B、精神文化,C、美好生活,D、物质生活
"10党的十九大报告指出,建设( )经济体系是跨越关口的迫切要求和我国发展的战略目标。",A,A、现代化,B、信息化,C、工业化,D、智能化
"11必须把提高( )质量作为主攻方向,显著增强我国经济质量优势。",D,A、经济发展,B、产业体系,C、民生经济,D、供给体系
"12( )年中央“一号文件”颁布,指出联产承包制是在党的领导下中国农民的伟大创造,是马克思主义农业合作化理论在中国实践中的 新发展。",A,A、1983,B、1984,C、1985,D、1986
"13保持土地承包关系稳定并长久不变,第二轮土地承包到期后再延长( )年。",D,A、五十,B、十五,C、二十,D、三十
"14党的十九大报告中提出,要以( )为主体构建大中小城市和小城镇协调发展的城镇格局,加快农业转移人口市民化。",A,A、城市群,B、新型城镇,C、大城市,D、中小城镇
"15经济体制改革必须以完善( )和要素市场化配置为重点,实现产权有效激励、要素自由流动。",A,A、产权制度,B、分配制度,C、交易制度,D、财政制度
"16党的十九大报告中提出,要深化( )改革,发展混合所有制经济,培育具有全球竞争力的世界一流企业。",B,A、民营企业,B、国有企业,C、所有制,D、经济体制
"17加快完善社会主义市场经济体制,要完善促进消费的体制机制,增 强消费对经济发展的( )作用。",C,A、指导性,B、关键性,C、基础性,D、主导性
"18党的十九大报告指出,要加强( )教育,增强全党全国人民国家安全意识,推动全社会形成维护国家安全的强大合力。",A,A、国家安全,B、社会安全,C、社区安全,D、国民安全
"19要深化( )改革,增强金融服务实体经济能力,提高直接融资比重,促进多层次资本市场健康发展。",A,A、金融体制,B、经济体制,C、财税体制,D、资本市场
"20党的十九大报告指出,要健全金融监管体系,守住不发生系统性( ) 的底线。",B,A、财政风险,B、金融风险,C、债务风险,D、汇率风险
"21 中国开放的大门不会关闭。要以“一带一路”建设为重点,坚持引进来和走出去并重,遵循( )原则,加强创新能力开放合作。",A,A、共商共建共享,B、互惠互利共赢,C、共商共建共管,D、磋商互通有无
"22要拓展对外贸易,培育贸易新业态新模式,推进( )建设。",A,A、贸易强国,B、贸易大国,C、自由贸易试验区,D、自由贸易港
"23推动形成全面开放新格局,要赋予自由贸易试验区更大改革自主 权,探索建设( )。",D,A、自由贸易示范区,B、自由贸易区,C、自由贸易园区,D、自由贸易港
"24党的十九大报告指出,我国经济已由( )阶段转向( )阶段。",A,A、高速增长 高质量发展,B、中高速增长 高质量发展,C、中低速增长 高水平发展,D、低速增长 高水平发展
"25中国将继续坚持以( )为中心,致力于建设改革发展成果真正惠及人民,经济、政治、文化、社会、生态文明全面发展的小康社会。",D,A、稳定发展,B、改革,C、社会和谐,D、经济建设
"26( )是国家的生命线、人民的幸福线,我们要坚持把以经济建设为中心作为兴国之要、把四项基本原则作为立国之本、把改革作为强国之路,不能有丝毫动摇。",C,A、以人民为中心,B、中国特色社会主义道路,C、党的基本路线,D、全面建成小康社会
27( )是改革开放以来党的全部理论和实践的主题。,C,A、以人民为中心,B、实现共同富裕,C、中国特色社会主义,D、实现中华民族伟大复兴
"28党的十九大报告指出,要在中高端消费、创新引领、绿色低碳、共享经济、现代供应链、人力资本服务等领域培育( )、形成( )。",D,A、创新产业 绿色经济,B、创新产业 创新经济,C、新增长点 新产能,D、新增长点 新动能
"29党的十九大报告强调,要激发和保护( ),鼓励更多社会主体投身创新创业。",D,A、创新精神,B、工匠精神,C、劳模精神,D、企业家精神
"30实施乡村振兴战略,要构建现代农业产业体系、生产体系、经营 体系,完善( ),发展多种形式适度规模经营。",A,A、农业支持保护制度,B、农村基本经营制度,C、农村土地制度,D、农村集体产权制度
"31《山东省新旧动能转换重大工程实施规划》提到,到( )年,基本形成新动能主导经济发展的新格局,经济质量优势显著增强,现代化 经济体系建设取得重要阶段性成果。",C,A、2020,B、2021,C、2022,D、2028
"32《山东省新旧动能转换重大工程实施规划》指出,要提高山东半岛城市群开放发展和( )发展水平,合理控制特大城市人口规模和发展边界,增强大城市辐射带动功能。",A,A、一体化,B、协同性,C、整体性,D、均衡性
"33加快完善社会主义市场经济体制,要深化( )改革,打破行政性垄断, 防止市场垄断,加快要素价格市场化改革。",A,A、商事制度,B、产权制度,C、行政审批制度,D、商事登记制度
"34( ),是邓小平同志一生最鲜明的政治品格,也永远是中国共产党人应该挺起的精神脊梁。",A,A、信念坚定,B、热爱人民,C、执着精神,D、实事求是
"35在 2016 年二十国集团领导人杭州峰会上,习近平主席首次全面阐述平等、开放、合作、共享的( )观。",D,A、发展创新,B、绿色金融,C、全球经济治理,D、全球贸易发展
"36推进“一带一路”建设,既要发挥政府把握方向、统筹协调作用,又 要发挥( )作用。",C,A、企业,B、民间资本,C、市场,D、多行为主体
"37“一带一路”建设植根于丝绸之路的历史土壤,重点面向( ),同时向所有朋友开放。",D,A、亚洲国家,B、中亚国家,C、亚欧大陆,D、亚欧非大陆
"38党的十九大报告指出,推动形成全面开放新格局。创新( ),促进国际产能合作,形成面向全球的贸易、投融资、生产、服务网络,加 快培育国际经济合作和竞争新优势。",C,A、对外贸易方式,B、对外合作方式,C、对外投资方式,D、对外生产方式
"39深化党和国家机构改革是一个系统工程,要坚决维护以习近平同志为核心的党中央权威和集中统一领导,把握好( )关系,不折不扣抓好党中央决策部署贯彻落实。",D,A、改革和稳定,B、发展和稳定,C、改革和发展,D、改革发展稳定
"40党的十九大报告指出,创新是引领发展的第一动力,是建设现代化 经济体系的( )支撑。",B,A、保障,B、战略,C、有力,D、科技
"41发展社会主义民主政治就是要体现人民意志、保障人民权益、激发人民创造活力,用( )保证人民当家作主。",B,A、民主管理,B、制度体系,C、民主决策,D、民主监督
"42( )是坚持党的领导、人民当家作主、依法治国有机统一的根本政治制度安排,必须长期坚持、不断完善。",B,A、基层民主制度,B、人民代表大会制度,C、协商民主制度,D、爱国统一战线
"43深化机构和行政体制改革,要在省市县对职能相近的党政机关探 索( )或合署办公。",C,A、党政分离,B、科学配置,C、合并设立,D、明确职责
44( )是社会主义民主政治的本质特征。,B,A、党的领导,B、人民当家作主,C、依法治国,D、政治协商
"45党的十九大报告指出,深化司法体制综合配套改革,全面落实( ),努力让人民群众在每一个司法案件中感受到公平正义。",C,A、员额制改革,B、司法公开制,C、司法责任制,D、立案登记制
"46政治制度不能脱离特定社会( )条件和历史文化传统来抽象评判, 不能定于一尊,不能生搬硬套外国政治制度模式。",C,A、物质,B、经济,C、政治,D、科技
"47有事好商量,众人的事情由众人商量,是人民民主的( )。",D,A、要义,B、重点,C、关键,D、真谛
"48要加强协商民主制度建设,形成完整的( )和参与实践,保证人民在日常政治生活中有广泛持续深入参与的权利。",C,A、法律体系,B、制度体系,C、制度程序,D、协商程序
"49置身历史巨变之中的中国人更有资格、更有能力揭示其中所蕴含的历史经验和发展规律,为发展马克思主义作出中国的( )贡献。",A,A、原创性,B、拓展性,C、创新性,D、发展性
"50推动形成绿色发展方式和生活方式是贯彻新发展理念的必然要求,必须把( )建设摆在全局工作的突出地位。",D,A、道德法制,B、精神文明,C、绿水青山,D、生态文明
"51习近平在第二届世界互联网大会开幕式上的讲话中指出,要加强网络伦理、网络文明建设,发挥道德教化引导作用,用人类文明优 秀成果滋养网络空间,修复( )。",A,A、网络生态,B、网络系统,C、网络问题,D、网络安全
"52党的十九大报告提出,要转变政府职能,深化简政放权,创新( )方式, 增强政府公信力和执行力,建设人民满意的服务型政府。",D,A、领导,B、管理,C、工作,D、监管
"53党的十九大报告指出,要完善公共服务体系,保障群众基本生活, 不断满足人民日益增长的( )需要,不断促进社会公平正义,形成有效的社会治理、良好的社会秩序。",B,A、物质文化,B、美好生活,C、精神,D、物质
"54中国特色社会主义文化,源自于( )。",C,A、党领导人民在革命、建设、改革中创造的革命文化,B、党领导人民在革命、建设、改革中创造的社会主义先进文化,C、中华民族五千多年文明历史所孕育的中华优秀传统文化,D、中华民族长期以来积淀的古今中外文化交融的结果
"55培育和践行社会主义核心价值观,要以培养担当民族复兴大任的( )为着眼点,强化教育引导、实践养成、制度保障。",C,A、时代楷模,B、时代领袖,C、时代新人,D、时代标兵
"56加强思想道德建设,要推进( )和志愿服务制度化,强化社会责任意识、规则意识、奉献意识。",C,A、法制建设,B、道德建设,C、诚信建设,D、信用体系建设
"57按照《山东新旧动能转换综合试验区建设总体方案》,综合试验区包括济南、青岛、()市全域,以及其他 14 个设区市的国家和省级经济技术开发区、高新技术产业开发区以及海关特殊监管区。",B,A、威海,B、烟台,C、日照,D、东营
"58没有高度的( ),没有文化的繁荣兴盛,就没有中华民族伟大复兴。",B,A、理论自信,B、文化自信,C、制度自信,D、道路自信
"59( )是中华民族伟大复兴的基础工程,必须把教育事业放在优先位置,加快教育现代化,办好人民满意的教育。",B,A、科技兴国,B、建设教育强国,C、基础教育,D、党的建设
"60中国特色社会主义进入新时代,在( )上、中华民族发展史上具有重大意义,在世界社会主义发展史上、人类社会发展史上也具有重大意义。",A,A、中华人民共和国发展史,B、中国人民发展史,C、中国共产党发展史,D、世界社会发展史
63“科学技术是第一生产力”的论断是（ ）提出的。,C,A马克思,B列宁,C邓小平
64()年中国国民生产总值大体和日本相等,A,A.1960,B.1950,C.1940
65 1977 年（	），《人民日报》、《红旗》杂志、《解放军报》同时的发表的社论提出“两个凡是”的指导方针。,A,A.2 月 7 日,B.2 月 8 日,C2 月 9 日
66(）年 4 月，邓小平在给党中央的信中提出：“我们必须世世代代地用准确的完整的毛泽东思想来指导我们全党、全军和全国人民。”,B,A.1976,B.1977,C.1978
67 1978 年（	），《光明日报》发表《实践是检验真理的唯一标准》一文。,B,A.5 月 10 日,B.5 月 11 日,C.5 月 12 日
68 1978 年 5 月 11 日，《光明日报》发表（	）一文，引发了真理标准大讨论。,B,A《实践是检验真理的标准》,B《实践是检验真理的唯一标准》,C《实践是检验真理的基本标准》
69邓小平在（	）闭幕会上作题为《解放思想，实事求是，团结一致向前看》的讲话。,B,A.中国共产党第十一届中央委员会第三次全体会议,B.1978 年 12 月的中央工作会议,C.中国共产党第十二次全国代表大会
70 1978 年 12 月 18 日至 22 日，（	）在北京召开。,A,A中国共产党第十一届中央委员会第三次全体会议,B中国共产党第十一届中央委员会第四次全体会议,C中国共产党第十一届中央委员会第五次全体会议
71加快转变经济发展方式，关键是（	），促进科技成果向现实生产力转化。,B,A加快企业技术升级,B全面提高自主创新能力,C走集约型发展道路
72中国共产党第十一届中央委员会第三次全体会议以后的拨乱反正，其范围包括（	）。,A,A思想、政治、组织等领域,B思想领域,C政治领域
73中国共产党第十一届中央委员会第三次全体会议果断的停止使用（	）的口号。,A,A“以阶级斗争为纲”,B“以钢为纲”,C“以粮为纲”
74中国共产党第十一届中央委员会第三次全体会议决定成立（	）。,B,A国家发展改革委员会,B中央纪律检查委员会,C中央顾问委员会
75我国应坚持扩大国内需求，鼓励合理消费，把经济发展建立在开拓国内市场的基础上，形成（）协调拉动经济增长的局面。,C,A消费、出口,B消费、投资,C消费、投资、出口
76中国共产党第十一届中央委员会第六次全体会议通过的（	）， 提出我国的社会主义制度还是处于初级的阶段。,A,A《中国共产党中央委员会关于建国以来党的若干历史问题的决议》,B《中共中央关于经济体制改革的决定》,C《中共中央关于建设社会主义市场经济体制若干问题的决定》
77适应新情况，解决新问题，必须坚持以人为本，坚持统筹兼顾， 正确处理速度、（	）、质量、效益的关系，正确处理城乡、区域、经济社会、人口资源环境的关系，促进国民经济又好又快发展。,C,A规模,B数量,C结构
78 20 世纪（	），世界范围内蓬勃兴起的新科技革命推动世界经济以更快的速度向前发展。,A,A.70 年代,B.60 年代,C.80 年代
79 1978 年，全国仍有（	）农民处于绝对贫困的状况。,C,A.1 亿,B.3 亿,C.2.5 亿
80邓小平指出：“坚持社会主义，首先要（	），大大发展生产力， 体现社会主义优于资本主义的特点。”,A,A摆脱贫穷落后状态,B对外开放,C解放思想
81中国社会从 1958 年到 1978 年 20 时间，实际上处于（	）的状态。,A,A停滞和徘徊,B快速发展,C停顿和倒退
82 20 世纪 70 年代，以（	）技术为代表的新技术革命迅猛发展。,A,A电子工程,B生物工程,C纳米
83 1955 年，中国的国民生产总值占世界的（	）。,A,A.4.7%,B.5.7%,C.6.7%
84时代主题问题，是社会主义建设首先必须把握的（	）问题。,C,A重要战略,B关键战略,C基本战略
85 世界大三角政治格局的形成是在（	）。,B,A.20 世纪 60 年代,B.20 世纪 70 年代,C.20 世纪 80 年代
86中国的国民生产总值占世界的比重，1980 年比 1955 年（	）。,B,A提高了,B下降了,C相等
87 要走（	），促进大中小城市和小城镇协调发展，有序转移农村富余劳动力，这是提高农民收入和扩大内需的重要举措。,B,A中国特色农业现代化道路,B中国特色城镇化道路,C中国特色新型工业化道路
88 新时期的思想开放，是从（	）开始的。,B,A平反“右派”,B关于实践是检验真理的唯一标准的大讨论,C中国共产党第十一届中央委员会第三次全体会议
89 在“文化大革命”结束后的两年间，（	）。,A,A没有从指导思想上彻底清文化大革命的错误,B实现历史的转折,C经济结构趋于改善
90 在中国面临向何处去的重大历史关头，邓小平的（ ）讲话是开辟新时期新道路的宣言书，标志着中国共产党人在新的时代条件下的一个了不起的伟大觉醒。,A,A《解放思想，实事求是，团结一致向前看》,B《贫穷不是社会主义》,C《科技是第一生产力》
91 实事求是评价毛泽东的历史地位的是（	）。,B,A《中国共产党第十一届中央委员会第三次全体会议决议》,B《中国共产党中央委员会关于建国以来党的若干历史问题的决议》,C《中共中央关于经济体制改革的决定》
92 通过改革开放，实现了（	）的转移，冲破了束缚生产力发展的体制障碍。,A,A党的工作中心,B党的奋斗目标,C国家社会性质
93改革开放极大地解放和发展了社会生产力，推动了社会主义市场经济体制的（ ）建立。,B,A完全,B初步,C全面
95 一个国家要实现经济社会又好又快发展，必须找到一条（	）的发展道路。,C,A既重视效益，又重视数量,B既吸收传统，又借鉴他国,C既适合自己国情，又符合时代要求
96以（	）为标志，我们党开创了以经济建设为中心的历史发展新时期，找到了建设和发展中国特色社会主义的新道路,B,A文化大革命的结束,B改革开放,C中国共产党第十二次全国代表大会
97我们党在新时期的全部理论和实践都是紧紧围绕（	）这个主题开展的。,A,A建设、捍卫和发展中国特色社会主义,B坚持和完善社会主义市场经济,C政治民主
98（	）明确提出了经济体制改革的目标是建立社会主义市场经济体制。,A,A中国共产党第十三次全国代表大会,B中国共产党第十四次全国代表大会,C中国共产党第十一届中央委员会第三次全体会议
99(）制定了我国跨世纪发展战略，把建设有中国特色社会主义全面推向 21 世纪。,C,A中国共产党第十三次全国代表大会,B中国共产党第十四次全国代表大会,C中国共产党第十五次全国代表大会
100 （	）明确提出了全面建设小康社会的奋斗目标，要求全党进一步开创中国特色社会主义新局面。,B,A.中国共产党第十四次全国代表大会,B.中国共产党第十六次全国代表大会,C.中国共产党第十一届中央委员会第三次全体会议
101.按现行汇率测算，2006年我国G P总量占世界的比重约为（  ），但为此消耗的重要能源资源占世界的比重却高得多。,B,A.4.8%,B.5.5%,C.6.7%
102.2006年我国消耗钢3.88亿吨，约占世界钢消耗量的（    ）。,C,A.20%,B.25%,C.30%
103.实现人均G P到2020年比2000年翻两番，人民富裕程度普遍提高，生活质量明显改善，生态环境良好。完成这个新的目标，很大程度上取决于我国的（    ）支撑条件和环境承载能力。,B,A.财政,B.资源,C.人口
104.在20世纪的 100年间，人类创造的物质财富超过了以往历史的总和，同时也加速了资源消耗。全球G P增长了18倍，石油的年消费量增加了（     ）倍。,C,A.50,B.100,C.170
105.在20世纪的100年间，人类创造的物质财富超过了以往历史的总和，同时也加速了资源消耗。全球G P增长了18倍，钢的年消费量增加了（     ）倍。,B,A.9,B.29,C.49
106．全球（    ）以上的能源是由发达国家消耗的。,B,A.50%,B.60%,C.70%
107.全球50%以上的矿产资源是由不足世界人口（    ）的发达国家消耗的,C,A.10%,B.12%,C.15%
108.在新的世纪里，包括我国在内的全球另外（    ）的人口陆续进入工业化阶段，如果不加快转变发展方式，依旧沿袭传统工业化道路，完成工业化将会消耗大量的资源。,C,A.90%,B.88%,C.85%
109.通常把主要依靠增加生产要素投入、追求产品数量扩张的增长方式，称为（    ）增长方式。,B,A.内向型,B.粗放型,C.集约型
110.把注重依靠科技进步和提高劳动者素质、加强管理、改善效益的增长方式，称为（    ）增长方式。,C,A.外向型,B.粗放型,C.集约型
111.（    ）提出，把全部经济工作转到以提高经济效益为中心的轨道上来。,A,A.中国共产党第十二次全国代表大会,B.中国共产党第十一届中央委员会第三次全体会议,C.中国共产党第十四次全国代表大会
112.（    ）提出，要从粗放经营为主逐步转上集约经营为主的轨道。,B,A.中国共产党第十一届中央委员会第三次全体会议,B.中国共产党第十三次全国代表大会,C.中国共产党第十四次全国代表大会
113.（  ）提出，努力提高科技进步在经济增长中所占的含量，促进整个经济由粗放经营向集约经营转变。,C,A.中国共产党第十一届中央委员会第三次全体会议,B.中国共产党第十二次全国代表大会,C.中国共产党第十四次全国代表大会
114.（    ）明确提出，实行经济增长方式从粗放型向集约型的根本性转变。,C,A.中国共产党第十四届中央委员会第三次全体会议,B.中国共产党第十四届中央委员会第四次全体会议,C.中国共产党第十四届中央委员会第五次全体会议
115.（    ）提出，加快转变经济发展方式。这反映了客观规律，顺应了时代要求，是实现国民经济又好又快发展的重大举措。,A,A.中国共产党第十七次全国代表大会,B.中国共产党第十二次全国代表大会,C.中国共产党第十一届中央委员会第三次全体会议
116.目前，我国需求结构中（  ）。投资与消费比例失衡，使得居民生活不能随着经济快速增长而同步提高，导致国内市场规模受限，生产能力相对过剩。,A,A.投资率偏高，消费率较低,B.投资率偏低，消费率较高,C.投资和消费都不足
117.我国经济增长对出口的依赖程度不断提高。而（    ）和国际收支盈余过多，还会造成国内资金流动性过剩，反过来又助长了投资的高增长。,B,A.外贸逆差过大,B.外贸顺差过大,C.外贸赤字过大
118.我国应坚持扩大国内需求，鼓励合理消费，把经济发展建立在开拓国内市场的基础上，形成（    ）协调拉动经济增长的局面。,C,A.消费、出口,B.消费、投资,C.消费、投资、出口
119.我们应坚持和完善（    ）的分配制度。,B,A.按要素贡献分配,B.按劳分配为主体，多种分配方式并存,C.按劳分配
120.中国共产党第十七次全国代表大会提出，要逐步提高（     ）在国民收入分配中的比重。,B,A.政府收入,B.居民收入,C.企业收入
121..中国共产党第十七次全国代表大会提出，要提高劳动报酬在（     ）中的比重。,B,A.国民收入,B.初次分配,C.居民收入
122.中国共产党第十七次全国代表大会提出，要着力提高低收入者收入，扩大（     ）者比重。,A,A.中等收入,B.低等收入,C.高等收入
123.要走（    ），促进大中小城市和小城镇协调发展，有序转移农村富余劳动力，这是提高农民收入和扩大内需的重要举措。,B,A.中国特色农业现代化道路,B.中国特色城镇化道路,C.中国特色新型工业化道路
124.推进产业结构优化升级，要坚持走（   ），促进信息化与工业化融合，巩固第一产业，做大第三产业，提升第二产业，发展现代产业体系。,C,A.中国特色农业现代化道路,B.中国特色城镇化道路,C.中国特色新型工业化道路
125．要加快发展现代农业。巩固、完善、加强支农惠农政策，逐步做到用现代物质条件装备农业，用现代科学技术改造农业，用现代经营形式推进农业，用培养新型农民发展农业，走（   ）。,A,A.中国特色农业现代化道路,B.中国特色城镇化道路,C.中国特色新型工业化道路
126.要不失时机的发展现代服务业。坚持市场化、（    ）、社会化方向，在继续发展生活性服务业的同时，加快发展生产性服务业，提高服务业比重和水平，尽快把服务业发展成为国民经济的主导产业。,B,A.商品化,B.产业化,C.规模化
127.在区域结构问题上要发挥各地区比较优势为方向，促进产业分工协作，形成以企业为主体、（    ）为纽带的互利互惠、共同发展格局。,B,A.政府,B.市场,C.个人
128.实现基本公共服务（    ）为目标，高度重视并逐步缓减区域发展差距问题，促进各地区人民共享发展成果。,A,A.均等化,B.一致化,C.市场化
129.加快转变经济发展方式要促进经济增长由主要依靠增加物质资源消耗向主要依靠科技进步、劳动者素质提高、（    ）转变。,B,A.企业家才能,B.管理创新,C.劳资关系改善
130.加快转变经济发展方式，关键是（    ），促进科技成果向现实生产力转化。,B,A.加快企业技术升级,B.全面提高自主创新能力,C.走集约型发展道路
131.影响我国科技创新的因素较多，但最主要的是（    ）结合不够紧密。,C,A.生产力与生产关系,B.生产资料与劳动者,C.科技与经济
132.要加快建立以企业为主体、市场为导向、产学研究相结合的技术创新体系，使（    ）真正成为研发投入和自主创新的主体。,A,A.企业,B.科研机构,C.社会组织
133.中国共产党第十七次全国代表大会报告提出的“（    ）”，主要从需求结构、产业结构、要素结构等方面，对经济发展提出了新的更高的要求，这是当前和今后一个时期转变经济发展方式的重点任务和基本途径。,B,A.三条道路,B.三个转变,C.五化
134.（    ）是实现国民经济又好又快发展的重要保障。,C,A.自主创新,B.五个统筹,C.完善社会主义市场经济体制
135.实行（     ）改革后，中央政府的收入比重有了提高，但原有的支出结构尚未调整到位，还不能满足实现基本公共服务均等化的需要。,B,A.财政大包干,B.分税制,C.统一税
136.现行以（   ）为主体的财税体制，很难避免一些地方不顾资源和环境条件、盲目发展财政增收效应大的加工业尤其是重化工业。,A,A.增值税,B.营业税,C.所得税
137.深化财税、金融等体制改革必须围绕推进主体功能区建设，制定和实施（    ）的财税政策和绩效评价体系，提高经济政策的针对性和有效性。,B,A.均等化,B.差别化,C.统一化
138.（    ）是规范我国市场经济秩序的治本之策。,B,A.遵循价值规律,B建立健全社会信用体系    .,C.加强宏观调控
139.平等保护物权，从根本上确认和保障了(    )这一社会主义市场经济基本原则。,C,A.优胜劣汰,B开放性,C.公平竞争
140.完善基本经济制度，要（    ）非公有制经济发展。,A,A.鼓励、支持、引导,B.引导、监督、管理,C.保护、支持、管理
141.（    ），体现了社会主义的本质及其价值追求。,B,A.消灭剥削，消除两极分化,B.坚持发展成果由人民共享,C.完善社会主义市场经济
142.（    ）阐明了人类社会的基本矛盾及其发展的一般规律和总的趋势。,A,A.马克思、恩格斯,B.列宁,C.斯大林
143.我国社会主义改造基本完成以后，（    ）根据马克思主义关于人类社会基本矛盾的基本原理和我国社会主义革命，建设的实践经验，创造性地提出了社会主义社会基本矛盾的理论。,A,A.毛泽东,B.邓小平,C.江泽民
144.邓小平关于社会主义基本矛盾理论的创造性运用，后来进一步概括出（    ）的标准。,B,A.“四个现代化”,B.“三个有利于”,C.“三步走”
145.当前，我国经济社会既处于“黄金发展期”，又处在“矛盾凸显期”，人均G P达到了（    ）美元，人民生活总体上实现了由温饱到小康的历史性跨越。,B,A.1000,B.2000,C.1200
146.如何科学评价以毛泽东同志为核心的党的第一代中央领导集团对中国社会主义建设道路的探索？（    ）,C,A.这种探索是积极而有成效的,B.这种是艰难而曲折的,C.这种探索是积极而有成效的，但又是艰难而曲折的
147.中国共产党对中国自己的建设社会主义道路的探索始于（    ）。,B,A.党的八大的召开,B.《论十大关系》的提出,C.党的十二大的召开
148.1956年9月15日至27日，（    ）在北京召开。,B,A.中国共产党第七次全国代表大会,B.中国共产党第八次全国代表大会,C.中国共产党第九次全国代表大会
149.解放思想、实事求是的宣言书是指（    ）。,C,A.《实践是检验真理的唯一标准,B.《关于建国以来党的若干历史问题的决议》,C《解放思想，实事求是，团结一致向前看》.
150．新民主主义革命的胜利，社会主义基本制度的建立，为当代中国一切发展进步奠定了（   ）。,C,A.主权国家的基础,B.前提条件,C.根本政治前提和制度基础
1. 1921年7月23日至8月初，中国共产党第一次全国代表大会先后在（   ）召开。,B,A.上海、天津,B.上海、嘉兴,C.北京、上海
2. （   ）标志着中国工人阶级开始以独立的政治力量登上了历史舞台。,B,A.中国共产党的成立,B.五四运动,C.二七大罢工
3. 第一次明确提出彻底的反帝反封建的民主革命纲领的会议是（   ）,B,A.中共一大,B.中共二大,C.中共三大
4.  “中国共产党”这一称谓的最早提出者是（   ）。,A,A.蔡和森,B.毛泽东,C.陈独秀
5. （   ）标志着第一次国共合作正式建立。,A,A、国民党第一次全国代表大会的召开,B.黄埔军校的建立,C.北伐战争的开始
6. 中共三大确立的国共合作方式是（   ）。,B,A.党外合作,B.党内合作,C.平等合作
7. 第一次国共合作建立后，国民党的性质演变为（   ）。,C,A.代表工农利益的政党,B.资产阶级政党,C.工人、农民、小资产阶级和民族资产阶级的革命联盟
8. 五卅运动是 （   ）运动。,A,A.中共领导的中国人民的反帝爱国,B.反帝反封建的民主革命,C.无产阶级革命
9. 标志着中国共产党开始独立领导革命战争和创建人民军队的事件是（   ） 。,A,A.南昌起义,B.广州起义,C.秋收起义
10. （   ） 从组织上确立了党对军队的绝对领导，为建立一支无产阶级领导下的新型人民军队奠定了基础。,A,A.井冈山会师,B.工农武装割据,C.三湾改编
11.  “政权是由枪杆子中取得的”这一论断是毛泽东在（   ） 提出的。,A,A.八七会议上,B.井冈山斗争中,C.反“围剿”斗争中
12. 1928年6月18日至7月11日，中国共产党第六次全国代表大会在（  ）召开。,A,A.莫斯科郊外的五一村,B.上海,C.列宁格勒近郊
13. 古田会议通过的（   ）决议案是中国共产党和红军建设的纲领性文献。,B,A.《关于军事战略问题》,B.《关于纠正党内的错误思想》,C.《中国革命与中国共产党的任务》
14. 红军长征途中召开的（   ），开始确立了毛泽东同志在党中央和红军的领导地位，挽救了党、挽救了红军、挽救了中国革命，成为党的历史上一个生死攸关的转折点。,C,A.古田会议,B.黎平会议,C.遵义会议
15. 1935年12月，中共中央政治局（   ） 确定了抗日民族统一战线的策略方针。,C,A.八七会议,B.洛川会议,C.瓦窑堡会议
16. 华北事变后，（   ）标志着中国人民抗日救亡运动新高潮的到来。,A,A.一二・九运动,B.五・二○运动,C.一二・一运动
17. 标志着中国由国内战争走向抗日民族解放战争的转折点的事件是 （ 　  　） 。,B,A.三大主力红军会师,B.西安事变的和平解决,C.第二次国共合作的建立
18. 1937年7月7日，（   ）事变爆发，全国抗日战争由此开始。,C,A.九・一八,B.华北,C.卢沟桥
19. 中共洛川会议提出，争取抗战胜利的关键是实行中国共产党提出的（   ）抗战路线。,A,A.全面,B.军队,C.游击
20. 1939年7月，刘少奇在延安马列学院的重要讲演（   ），详细阐述了共产党员修养的内容和方法，第一次提出加强共产党员党性修养的必要性和重要意义。,C,A.《关于党性问题的报告大纲》,B.《我的修养要则》,C.《论共产党员的修养》
21. 1942年，中国共产党在全党范围内进行了一次整风运动，其主要任务是反对主观主义以整顿（   ），反对宗派主义以整顿（  ），反对党八股以整顿（  ）。,A,A.学风、党风、文风,B.党风、学风、文风,C.文风、党风、学风
22. 在马克思主义党的学说发展史上最先提出“党风”概念的是（   ）。,C,A、马克思,B、列宁,C、毛泽东
23.  “毛泽东思想”这一概念的提出者是 （   ） 。,B,A.张闻天,B.王稼祥,C.周恩来
24. 党的（   ）确立了毛泽东思想为全党的指导思想。,C,A.六大,B.六届六中全会,C.七大
25. （   ） 是近百年来中国人民反对外国侵略者所取得的第一次完全胜利的民族解放战争。,B,A.甲午中日战争,B.抗日战争,C.抗美援朝战争
26. 抗日战争胜利后，国共双方举行了最高级别谈判，双方代表签署了《政府与中共代表会谈纪要》，这就是历史上著名的（   ）。,C,A.停战谈判,B.南京谈判,C.重庆谈判
27. 1949年3月，中共中央在（   ）召开七届二中全会，毛泽东在会上向全党同志提出了著名的“两个务必”思想。,C,A.延安,B.北京,C.西柏坡
28. 在解放区的土地改革运动中颁布的土地法案是（   ）。,A,A.《中国土地法大纲》,B.《土地改革法》,C.《土地法令》
29. 解放战争时期，人民解放军进行战略决战的三大战役是（   ）。,C,A.辽沈、淮海、渡江战役,B.上党、淮海、渡江战役,C.辽沈、淮海、平津战役
30. 1940年8月，为粉碎日军进攻，八路军副总指挥（   ）指挥105个团共20余万人在华北地区发动了百团大战.,C,A.叶剑英,B.朱德,C.彭德怀
31.  “红军不怕远征难，万水千山之等闲”，当年红军“远征”的直接原因是（   ）,C,A 把革命的火种洒向西部,B “避敌主力，打其虚弱”，集中优势兵力歼灭敌人,C 红军第五次“反剿”的失利，被迫实施战略转移
32. 1927年8月，党在八七会议上确定了 _ __的方针。,B,A建立革命军队,B土地革命和武装起义,C建立革命根据地,D组织城市工人斗争
33. 1927 年，上海第三次工人武装起义前，建立了以__ ___为首的个性军委。,B,A陈独秀,B周恩来,C赵世炎,D罗亦农
34. 抗日战争时期为解决经济上的困难，党在解放区领导了__ _。,B,A延安整风运动,B大生产运动,C三三制政权建设运动,D打土豪分田地运动
35. 1937年7月7日，日本帝国主义为大举侵华而蓄谋制造了__ __事变，中华民族全面抗战由此开始。,C,A九一八,B一二八,C卢沟桥,D八一三
36. 为了争取和平、避免内战，1945年8月28日至10月10日，毛泽东偕同周恩来、王若飞，与国民党当局进行了历时43天的谈判。这就是历史上著名的__ __。,A,A重庆谈判,B南京谈判,C北平谈判,D上海谈判
37. 40、1942年5月，八路军副参谋长__ __在指挥八路军总部进行反“扫荡”战斗时，不幸中弹，壮烈牺殉国。,B,A朱端,B左权,C黄公略,D彭雪枫
38. 抗日战争时期，中国共产党领导的各抗日根据地实行的政权形式是__ ___。,B,A联合政府,B“三三制”政权,C共产党一党执政,D国共合作政府
39. 中国共产党第一个正式章程，是__ __透过的《中国共产党章程》。,B,A党的一大,B党的二大,C党的三大,D党的四大
40. 以下没有参加中国共产党第一次全国代表大会的是__ __。,A,A陈独秀,B毛泽东,C马林,D李达
41. 1937年，八一三淞沪抗战爆发，国民党军第88师524团副团长__ ___率部在苏州河北岸的四行仓库，坚持四昼夜，打退日军数十次进攻。,A,A谢晋元,B姚子青,C吴克仁,D夏国章
42. 震惊中外的“五卅”反帝爱国运动爆发的导火线是_ __被枪杀。,A,A顾正红,B茅丽瑛,C徐阿梅,D邓中夏
43. 1939 年10 月，毛泽东在《〈共产党人〉发刊词》中指出：统一战线，武装斗争，__  ___，是中国共产党在中国革命中战胜敌人的三个法宝。,A,A党的建设,B思想建设,C政治建设,D文化建设
44. “千古奇冤，江南一叶；同室操戈，相煎何急？”是周恩来在__ __事变后对国民党蒋介石的控诉和回击。,C,A七七,B八一三,C皖南,D四一二
45. 1949年10月1日，中华人民共和国成立，标志着中国_  _革命已经取得基本胜利，中国人民当家作主的时代已经到来，中国历史由此开辟了一个新纪元。,B,A旧民主主义,B新民主主义,C社会主义,D民族主义
46. 解放战争时期统一战线的名称___ __。,B,A民主的统一战线,B人民民主统一战线,C大革命的统一战线,D工农民主统一战线
47. 第二次国内革命战争时期，由于__  ___的“左”倾教条主义的错误，造成第五次反“围剿”的失败。,C,A罗章龙,B张国焘,C王明,D李立山
48. 中国抗日战争的起点和中国人民局部抗战开始的标志是___ ___。,A,A九一八事变,B华北事变,C一。二九运动,D七七事变
49. 区别新民主主义革命与旧民主主义革命的根本标志是_  。,B,A革命对象不一样,B革命领导权不一样,C革命前途不一样,D革命指导思想不一样
50. 1936年12月12日，东北军一部以迅速行动包围临潼华清池，扣押了蒋介石。张学良和杨虎城向全国发出停止内战、一致抗日的通电。这便是震惊中外的_  。,C,A上海事变,B南京事变,C西安事变,D皖南事变
51. 1935年1月，中共中央政治局在长征途中举行_____ ，这次会议是中共历史上生死攸关的转折点。,A,A遵义会议,B俄界会议,C洛川会议,D古田会议
52. 随着马克思主义同中国工人运动的结合日益紧密，建立统一的中国共产党的条件日益成熟。在共产国际代表的促进下，中共一大于___ __在上海召开。,C,A1921年6月20日,B1921年7月1日,C1921年7月23日,D1921年7月30日
53. _____起义打响了武装反抗国民党反动派的第一枪。,A,A南昌起义,B秋收起义,C广州起义,D百色起义
54. 1946年8月，毛泽东在延安会见美国进步女记者安娜・路易斯・斯特朗时，提出了__ ____的著名论断。,C,A枪杆子里面出政权,B东风压倒西风,C一切反动派都是纸老虎,D没有调查就没有发言权
55. 从近代到建国前我国第一次取得对外反侵略战争胜利的是__ _____。,B,A甲午战争,B抗日战争,C解放战争,D抗美援朝战争
56. 新民主主义口号：,C,A文化革命,B提倡新文化,C民主和科学
57. 新民主主义论》所阐述的区别旧民主主义革命和新民主主义革命的根本标志是  。,C,A.建立民主联合政府,B.建立广泛的统一战线,C.无产阶级领导权
58. 延安整风运动使中国共产党的干部在   上达到了高度的一致。,A,A.思想,B.组织,C.政治
59. 延安整风运动最主要的任务是   。,C,A.反对党八股,B.反对宗派主义,C.反对主观主义
60. 中国抗日战争胜利结束的时间是1945年   。,A,A.9月2日,B.8月9日,C.8月15日
61. 1945年8月26日，中共中央向党内发出毛泽东起草的《中共中央关于同国民党进行和平谈判的通知》，提出   三大口号。,B,A.和平、民主、进步,B.和平、民主、团结,C.独立、自由、民主
62. 诗人柳亚子赋诗，称颂毛泽东的一个行动是“弥天大勇”。这一行动是指   。,B,A.粉碎蒋介石对陕北的重点进攻,B.重庆谈判,C.长征
63. 1945年10月10日，重庆谈判的共产党和国民党双方正式签署了   。,C,A.《国共代表会谈纪要》,B.《重庆谈判纪要》,C.《政府与中共代表会谈纪要》
64. 重庆谈判未能达成协议的问题是   。,C,A.长期合作，坚决避免内战,B.召开政治协商会议,C.军队和解放区的问题
"65. 11.1947年3月开始,国民党军队对解放区实行重点进攻，重点进攻的地区是   。",C,A.东北和山东解放区,B.中原和山东解放区,C.陕北和山东解放区
"66. 1947年3月,华东野战军在   战役中，全歼国民党主力整编第七十四师。",B,A.沙家店,B.孟良崮,C.羊马河
67. 1923年6月，中国共产党第三次全国代表大会在广州召开，会议的中心议题是的   。,A,A、讨论与国民党合作、建立革命统一战线问题,B、如何进一步推动工人运动的发展问题,C、无产阶级领导权问题
68. 1924年1月，在共产国际和中国共产党的帮助和推动下，   的成功召开，标志着第一次国共合作的正式形成。,B,A、中国共产党第二次全国代表大会,B、中国国民党第一次全国代表大会,C、中共中央执行委员会杭州西湖会议
69. 34.在中国的民主革命中，怎样认识和对待资产阶级，是一个复杂的问题。对这个问题，毛泽东在1925年12月1日发表的   中作了出色的论述。,A,A、《中国社会各阶级的分析》,B、《湖南农民运动调查》,C、《国民革命与农民运动》
70. 1927年，国民党蒋介石背叛革命，轰轰烈烈的大革命遭到失败。党领导的   ，打响了武装反抗国民党反动派的第一枪，标志着中国共产党独立地创造革命军队和领导革命战争的开始。,A,A、南昌起义,B、秋收起义,C、广州起义
71. 1927年8月，党在八七会议上确定了   作为党的最高负责人。,B,A、陈独秀,B、瞿秋白,C、毛泽东
72. 1927年9月，毛泽东领导的湘赣边界秋收起义部队在进军井冈山时，到达江西省永新县三湾村时进行了著名的   。,A,A、三湾改编,B、新式整军运动,C、土地改革运动
73. 1931年9月18日，根据不平等条约驻扎在中国东北的日本关东军向中国东北军驻地北大营和沈阳城发动进攻，挑起了侵占我国东北的军事行动。这一事件叫   ?。,C,A、卢沟桥事变,B、华北事变,C、九一八事变
74. 1935年1月，在红军长征途中，中央政治局召开了扩大会议，即   ?，结束了党内“左”倾教条主义错误在中央的统治，确立了毛泽东在中共中央和红军中的领导地位。在极其危急的情况下挽救了党、挽救了红军、挽救了中国革命，成为党的历史上一个生死攸关的转折点。,B,A、八七会议,B、遵义会议,C、通道会议
75. 1935年12月中国共产党召开了著名的   ?，确定了建立抗日民族统一战线的政策，使党在新的历史时期将要到来时掌握了政治上的主动权。,B,A、六届四中全会,B、瓦窑堡会议,C、遵义会议
76. 1936年12月12日发生的震惊中外的   ?及其和平解决，对促成以国共两党合作为基础的抗日民族统一战线的建立，起了重要的作用。,A,A、西安事变,B、华北事变,C、两广事变
77. 1938年5月，毛泽东在延安作了   的著名讲演，明确提出“抗日战争是持久战，最后胜利是属于中国的”科学论断。,C,A、《新民主主义论》,B、《论人民民主专政》,C、《论持久战》
78. 1946年6月26日，国民党军队首先围攻我   ，挑起全面内战。,C,A、中原解放区,B、陕北解放区,C、山东解放区
79. 1946年8月，毛泽东在延安会见美国进步女记者安娜?路易斯?斯特朗时，提出了的   著名论断。,C,A、枪杆子里面出政权,B、东风压倒西风,C、一切反动派都是纸老虎
80. 1947年6月30日，刘邓大军强渡黄河，   ，揭开了人民解放军战略进攻的序幕。,A,A、挺进大别山,B、进军豫皖苏,C、转战大西南
81. 1949年3月召开的党的七届二中全会，提出了党的工作重心   的问题，规划了革命胜利后建设新中国的蓝图。,A,A、由战争转向建设,B、由乡村转移到城市,C、由农业转移到工业
82. 1949年9月21日至30日，中国人民政治协商会议第一届全体会议在北京中南海怀仁堂召开，会议的任务是：（   ）,B,A、宣告中国革命取得伟大胜利,B、组织中国人民自己的政府,C、成立中国人民政治协商会议,D、建立革命的统一战线
83. 20世纪中国人民在前进道路上经历的第一次历史性巨大变化是（ ）。,C,A、新文化运动,B、五四运动,C、辛亥革命
84. 中国最早撰文歌颂俄国十月革命的具有初步共产主义思想的知识分子是（ ）。,B,A、陈独秀,B、李大钊,C、毛泽东
85. 在（ ）中，中国工人阶级以独立的姿态登上政治舞台。,B,A、新文化运动,B、五四运动,C、二七大罢工
86. 1924至1927年第一次国共合作的政治基础是（ ）。,C,A、三民主义,B、民主革命纲领,C、新三民主义
87. 1925年爆发的（ ），掀起了全国范围的大革命高潮。,B,A、废除不平等条约运动,B、五卅运动,C、省港大罢工
88. 1927年3月21日，上海工人胜利地举行（ ），显示了中国工人阶级的力量。,C,A、第一次武装起义,B、第二次武装起义,C、第三次武装起义
89. 中国共产党独立领导革命战争和开始创建人民军队的起义是（ ）。,C,A、秋收起义,B、广州起义,C、南昌起义
90. 中国共产党在1927年（ ）上确定了实行土地革命和武装起义的方针。,A,A、八七会议,B、中共五大,C、十一月扩大会议
91. 1927年10月，毛泽东率领秋收起义部队到达湘赣边界山区，开辟了（ ）。,B,A、湘赣革命根据地,B、井冈山革命根据地,C、赣东北根据地
92. 毛泽东在（ ）一文中提出了“没有调查，没有发言权”的著名论断。,A,A、《反对本本主义》,B、《实践论》,C、《矛盾论》
93. 1935年1月召开的（ ），成为党的历史上一个生死攸关的转折点。,C,A、黎平会议,B、古田会议,C、遵义会议
94. 红军第一、第二、第四方面军于（ ）在西北地区大会师，胜利地结束了长征。,B,A、1935年10月,B、1936年10月,C、1936年9月
95. 1935年12月瓦窖堡会议明确提出了党的基本策略任务是（ ）。,A,A、建立抗日民族统一战线,B、扩大红军,C、抗日反蒋
96. 全国抗战开始后，中国共产党在洛川会议上提出抗日救国（ ）。,A,A、十大纲领,B、八大纲领,C、七大纲领
97. 为了力争中国共产党对抗日战争的领导权，党在抗日民族统一战线中必须坚持（ ）。,A,A、独立自主原则,B、“人不犯我，我不犯人，人若犯我，我必犯人”的原则,C、“有理、有利、有节”的原则
98. 1939年底1940年初，毛泽东在《〈共产党人〉发刊词》、《中国革命和中国共产党》、《新民主主义论》等著作中完整地阐述了（ ）。,A,A、新民主主义理论,B、持久战理论,C、抗日民族统一战线策略
99. 1940年8月至12月，八路军在华北地区发动了一次规模浩大的对日进攻战役，史称（ ）。,B,A、平型关大捷,B、百团大战,C、反“扫荡”、反“清乡”和反“蚕食”斗争
100. 在抗日民主根据地的政权建设中，中国共产党创造性地提出了和实行了容纳各方面人士、团结各抗日阶级、阶层的（ ）。,A,A、三三制原则,B、精兵简政原则,C、减租减息
101. 1945年4月召开的中国共产党第七次全国代表大会，确立了（ ）在全党的指导地位。,B,A、马列主义,B、毛泽东思想,C、实事求是原则
102. 中国抗日战争的胜利，创造了半殖民地弱国打败帝国主义强国的奇迹，一洗中华民族百年耻辱，是中华民族由衰败走向振兴的（ ）。,C,A、开始,B、第一步,C、重大转折点
103. 抗日战争胜利后，为争取全国人民渴望的和平民主，中国共产党和国民党举行了（ ）。,A,A、重庆谈判,B、延安谈判,C、西安谈判
104. 1947年6月30日，（ ）强渡黄河，发起鲁西南战役，拉开了人民解放战争战略进攻的序幕。,B,A、陈谢大军,B、刘邓大军,C、陈粟大军
105. 1947年5月，国民党统治区的爱国学生生反饥饿反内战的（ ），掀起了中国共产党领导的反抗国民党独裁统治的第二条战线斗争的高潮。,C,A、五二O运动,B、一二一运动,C、一二九运动
106. 老解放区（ ）的基本完成，使解放军的后方更加巩固，保证了人民解放战争的胜利进行。,A,A、土改运动,B、整党运动,C、新式整军运动
107. 人民解放战争战略性决战的第一个大决战是（ ）。,C,A、平津战役,B、淮海战役,C、辽沈战役
